,IATA,City,Country
0,AAR,Aarhus,Denmark
1,ABD,Abadan,Iran
2,AEH,Abeche,Chad
3,ABZ,Aberdeen,United Kingdom
4,ABR,Aberdeen (SD) ,USA
5,ABJ,Abidjan,Cote d'Ivoire
6,ABI,Abilene (TX) ,USA
7,AUH,Abu Dhabi - Abu Dhabi International,United Arab Emirates
8,ABV,Abuja - Nnamdi Azikiwe International Airport,Nigeria
9,AUE,Abu Rudeis,Egypt
10,ABS,Abu Simbel,Egypt
11,ACA,Acapulco,Mexico
12,ACC,Accra - Kotoka International Airport,Ghana
13,ADA,Adana,Turkey
14,ADD,Addis Ababa - Bole International Airport,Ethiopia
15,ADL,Adelaide,Australia
16,ADE,Aden - Aden International Airport,Yemen
17,ADF,Adiyaman,Turkey
18,AER,Adler/Sochi,Russia
19,AJY,Agades,Niger
20,AGA,Agadir,Morocco
21,SUM,Agana (Hagåtña),Guam
22,AGZ,Aggeneys,South Africa
23,BQN,Aguadilla,Puerto Rico
24,AGU,Aguascaliente,Mexico
25,AMD,Ahmedabad,India
26,AYU,Aiyura,Papua New Guinea
27,AJA,Ajaccio,France
28,AXT,Akita,Japan
29,CAK,Akron (OH) ,USA
30,AKT,Akrotiri - RAF,Cyprus
31,AAN,Al Ain,United Arab Emirates
32,AAC,Al Arish,Egypt
33,ALH,Albany,Australia
34,ABY,Albany (GA),USA
35,ALB,Albany (NY) - Albany International Airport,USA
36,LBI,Albi,France
37,AAL,Alborg,Denmark
38,ABQ,Albuquerque (NM) ,USA
39,ABX,Albury,Australia
40,ACI,Alderney,Channel Islands
41,ALP,Aleppo,Syria
42,AES,Alesund,Norway
43,ALJ,Alexander Bay - Kortdoorn,South Africa
44,HBH,Alexandria - Borg el Arab Airport,Egypt
45,ALY,Alexandria - El Nhouza Airport,Egypt
46,ESF,Alexandria - Esler Field,USA (LA) 
47,FJR,Alfujairah (Fujairah),United Arab Emirates
48,AHO,Alghero Sassari,Italy
49,ALG,"Algiers, Houari Boumediene Airport",Algeria
50,AHU,Al Hoceima,Morocco
51,ALC,Alicante,Spain
52,ASP,Alice Springs,Australia
53,ADY,Alldays,South Africa
54,ABE,Allentown (PA) ,USA
55,ALA,Almaty (Alma Ata) - Almaty International Airport,Kazakhstan
56,LEI,Almeria,Spain
57,ALF,Alta,Norway
58,AAT,Altay,PR China
59,ACH,Altenrhein,Switzerland
60,AOO,Altoona (PA) ,USA
61,AXS,Altus,USA
62,ASJ,Amami,Japan
63,AMA,Amarillo (TX) ,USA
64,AZB,Amazon Bay,Papua New Guinea
65,AMM,Amman - Queen Alia International Airport,Jordan
66,ADJ,Amman - Amman-Marka International Airport,Jordan
67,ATQ,Amritsar,India
68,AMS,Amsterdam - Amsterdam Airport Schiphol,Netherlands
69,QNB,Anand,India
70,ANC,Anchorage (AK) - Ted Stevens Anchorage International,USA
71,AOI,Ancona - Ancona Falconara Airport,Italy
72,ALV,Andorra La Vella - Heliport,Andorra
73,AXA,Anguilla,Anguilla
74,AJN,Anjouan - Anjouan Airport,Comoros (Comores)
75,ANK,Ankara,Turkey
76,ESB,Ankara - Esenboğa International Airport,Turkey
77,AAE,Annaba,Algeria
78,ARB,Ann Arbor (MI) ,USA
79,NCY,Annecy,France
80,ANB,Anniston (AL) ,USA
81,AYT,Antalya,Turkey
82,TNR,Antananarivo (Tanannarive) - Ivato International Airport,Madagascar
83,ANU,"Antigua, V.C. Bird International",Antigua and Barbuda
84,ANR,Antwerp,Belgium
85,AOJ,Aomori,Japan
86,APW,Apia - Faleolo International Airport,Samoa
87,ATW,Appelton/Neenah/Menasha (WI) ,USA
88,AQJ,Aqaba,Jordan
89,AJU,Aracaju,Brazil
90,ARH,Arkhangelsk,Russia
91,ARK,Arusha,Tanzania
92,GPA,Araxos,Greece
93,RLT,Arlit,Niger
94,ACE,Arrecife/Lanzarote,Spain
95,AUA,"Aruba - Reina Beatrix International, Oranjestad",Aruba
96,AVL,Asheville (NC) ,USA
97,ASB,Ashgabat - Saparmurat Turkmenbashy Int. Airport,Turkmenistan
98,ASM,Asmara - Asmara International,Eritrea
99,ASE,"Aspen, (CO) - Aspen-Pitkin County Airport ",USA
100,ATZ,Assiut,Egypt
101,TSE,Astana - Astana International Airport,Kazakhstan
102,ASU,Asuncion - Asunción International Airport,Paraguay
103,ASW,Aswan - Daraw Airport,Egypt
104,ATH,Athens - Elefthérios Venizélos International Airport,Greece
105,HEW,"Athens, Hellinikon Airport",Greece
106,AHN,Athens (GA),USA
107,ATO,Athens (OH) ,USA
108,ATL,Atlanta (GA) - Hartsfield Atlanta International Airport,USA
109,ACY,Atlantic City (NJ) - Atlantic City International,USA
110,YAT,"Attawapiskat, NT",Canada
111,AKL,Auckland - Auckland International Airport,New Zealand
112,AGB,Augsburg - Augsbur gAirport,Germany
113,AGS,Augusta (GA),USA
114,AUG,Augusta (ME) - Augusta State Airport,USA
115,AUR,Aurillac,France
116,AUS,Austin (TX) - Austin-Bergstrom Airport,USA
117,AYW,Ayawasi,Indonesia
118,AYQ,Ayers Rock - Connellan,Australia
119,AYR,Ayr,Australia
120,BJZ,Badajoz,Spain
121,BGW,Bagdad - Baghdad International Airport,Iraq
122,IXB,Bagdogra,India
123,NAS,Bahamas - Lynden Pindling International Airport ,The Bahamas
124,BHV,Bahawalpur,Pakistan
125,BAH,Bahrain - Bahrain International Airport,Bahrain
126,BFL,Bakersfield (CA) ,USA
127,BAK,Baku - Heydar Aliyev International Airport,Azerbaijan
128,BNK,Ballina,Australia
129,BWI,Baltimore (MD) - Washington International Airport,USA
130,ABM,Bamaga,Australia
131,BKO,Bamako - Bamako-Sénou International Airport,Mali
132,BBY,Bambari,Central African Republic
133,BWN,Bandar Seri Begawan - Brunei International Airport,Brunei
134,BDO,Bandung - Husein Sastranegara International Airport,Indonesia
135,BLR,Bangalore,India
136,BGU,Bangassou,Central African Republic
137,DMK,"Bangkok, Don Muang",Thailand
138,BKK,"Bangkok, Suvarnabhumi International",Thailand
139,BGR,Bangor (ME) ,USA
140,BGF,Bangui - M'Poko International Airport,Central African Republic
141,BJL,Banjul - Banjul International Airport (Yundum International),Gambia
142,BNP,Bannu,Pakistan
143,BCN,Barcelona,Spain
144,BLA,Barcelona,Venezuela
145,BDU,Bardufoss,Norway
146,BRI,Bari,Italy
147, BZL,Barisal,Bangladesh
148,BDQ,Baroda,India
149,BRR,Barra (the famous tidal beach landing),United Kingdom
150,BAQ,Barranquilla,Colombia
151,BSL,Basel,Switzerland
152,EAP,Basel/Mulhouse,Switzerland/France
153,BSR,"Basra, Basrah",Iraq
154,PTP,Basse-Terre - Pointe-à-Pitre International Airport,Guadeloupe
155,SKB,Basseterre - Robert L. Bradshaw International Airport,Saint Kitts and Nevis
156,BIA,Bastia,France
157,BTR,Baton Rouge (LA) - Baton Rouge Metropolitan Airport,USA
158,BYU,Bayreuth - Bindlacher-Berg,Germany
159,BPT,Beaumont/Pt. Arthur (TX) ,USA
160,BKW,Beckley (WV) ,USA
161,EIS,Beef Island - Terrance B. Lettsome,Virgin Islands (British)
162,PEK,Beijing,China
163,NAY,Beijing - Nanyuan Airport,China
164,BEW,Beira,Mozambique
165,BEY,Beirut - Beirut Rafic Hariri International Airport,Lebanon
166,BEL,Belem - Val de Cans International Airport,Brazil
167,BHD,Belfast - George Best Belfast City Airport,United Kingdom
168,BFS,Belfast - Belfast International Airport,United Kingdom
169,IXG,Belgaum,India
170,BEG,Belgrad (Beograd) - Belgrade Nikola Tesla International,Serbia
171,BZE,Belize City - Philip S.W.Goldson International,Belize
172,BLI,Bellingham (WA) ,USA
173,CNF,Belo Horizonte - Tancredo Neves International Airport,Brazil
174,BJI,Bemidji (MN) ,USA
175,BEB,Benbecula,United Kingdom
176,BEN,Benghazi (Bengasi),Libya
177,BUG,Benguela,Angola
178,BEH,Benton Harbour (MI) ,USA
179,BBT,Berberati,Central African Republic
180,BGY,Bergamo/Milan - Orio Al Serio,Italy
181,BGO,Bergen,Norway
182,EGC,Bergerac - Roumanieres,France
183,BER,Berlin,Germany
184,SXF,"Berlin, Schoenefeld",Germany
185,TXL,"Berlin, Tegel",Germany
186,THF,"Berlin, Tempelhof (ceased operating in 2008)",Germany
187,BDA,Bermuda - L.F. Wade International Airport,Bermuda
188,BRN,"Berne, Bern-Belp",Switzerland
189,ZDJ,"Berne, Railway Service",Switzerland
190,BET,Bethel (AK) ,USA
191,BHO,Bhopal,India
192,BBI,Bhubaneswar,India
193,BIQ,Biarritz,France
194,BIO,Bilbao,Spain
195,BIL,Billings (MT) ,USA
196,BLL,Billund,Denmark
197,BTU,Bintulu,Malaysia
198,IRO,Biraro,Central African Republic
199,BHX,Birmingham - Birmingham International Airport,United Kingdom
200,BHM,Birmingham (AL) ,USA
201,FRU,Bishkek - Manas International Airport,Kyrgyzstan
202,BIS,Bismarck (ND) - Bismarck Municipal Airport,USA
203,BXO,Bissau - Osvaldo Vieiro International Airport,Guinea-Bissau
204,BLK,Blackpool,United Kingdom
205,BLT,Blackwater,Australia
206,BLZ,Blantyre (Mandala) - Chileka International Airport,Malawi
207,BHE,Blenheim,New Zealand
208,BFN,Bloemfontein - Bloemfontein Airport,South Africa
209,BMI,Bloomington (IL),USA
210,BMG,Bloomington (IN),USA
211,BLF,Bluefield (WV) ,USA
212,BVB,Boa Vista,Brazil
213,BOY,Bobo/Dioulasso,Burkina Faso
214,BOO,Bodo,Norway
215,BJV,Bodrum - Milas Airport,Turkey
216,BOG,Bogota - El Nuevo Dorado International Airport,Colombia
217,BOI,Boise (ID) - Boise Air Terminal,USA
218,BLQ,Bologna,Italy
219,BOM,Bombay (Mumbai) - Chhatrapati Shivaji International ,India
220,BON,Bonaire,Netherlands Antilles
221,YVB,"Bonaventure, PQ",Canada
222,BOB,Bora Bora,French Polynesia
223,BOD,Bordeaux - Bordeaux Airport,France
224,BXS,Borrego Springs (CA) ,USA
225,BOS,Boston (MA) - General Edward Lawrence Logan ,USA
226,BYK,Bouake,Cote d'Ivoire
227,BOJ,Bourgas/Burgas,Bulgaria
228,BOH,Bournemouth,United Kingdom
229,ZBO,Bowen,Australia
230,BZN,Bozeman (MT) ,USA
231,BFD,Bradford/Warren (PA) /Olean (NY) ,USA
232,BRD,Brainerd (MN) ,USA
233,BMP,Brampton Island,Australia
234,BSB,Brasilia - President Juscelino Kubitschek International,Brazil
235,BTS,Bratislava - M. R. Štefánik Airport,Slovakia
236,BZV,Brazzaville - Maya-Maya Airport,Congo (ROC)
237,BRE,Bremen - Bremen Airport (Flughafen Bremen),Germany
238,VBS,"Brescia, Montichiari",Italy
239,BES,Brest,France
240,BIV,Bria,Central African Republic
241,BDR,Bridgeport (CT) ,USA
242,BGI,Bridgetown - Grantley Adams International,Barbados
243,BDS,Brindisi,Italy
244,BNE,Brisbane,Australia
245,BRS,Bristol,United Kingdom
246,BNN,Broennoeysund,Norway
247,BHQ,Broken Hill,Australia
248,BKX,Brookings (SD) ,USA
249,BME,Broome,Australia
250,BQK,Brunswick (GA),USA
251,BRU,Brussels - Brussels Airport,Belgium
252,BGA,Bucaramanga,Colombia
253,BUH,Bucharest,Romania
254,OTP,Bucharest - Henri Coandă International Airport,Romania
255,BUD,Budapest - Budapest Ferihegy International Airport,Hungary
256,BUE,Buenos Aires,Argentina
257,EZE,"Buenos Aires, Ezeiza International Airport",Argentina
258,AEP,"Buenos Aires, Jorge Newbery",Argentina
259,BFO,Buffalo Range,Zimbabwe
260,BUF,Buffalo/Niagara Falls (NY) ,USA
261,BJM,Bujumbura - Bujumbura International Airport,Burundi
262,BUQ,Bulawayo,Zimbabwe
263,BHC,Bullhead City (NV) ,USA
264,BDB,Bundaberg,Australia
265,BUR,Burbank (CA) ,USA
266,BRL,Burlington IA,USA
267,BTV,Burlington (VT) ,USA
268,BWT,Burnie (Wynyard),Australia
269,BTM,Butte (MT) ,USA
270,CAB,Cabinda,Angola
271,CAG,Cagliari,Italy
272,CNS,Cairns,Australia
273,CAI,Cairo - Cairo International Airport ,Egypt
274,CJC,Calama - El Loa,Chile
275,CCU,Calcutta (Kolkata) - Netaji Subhas Chandra,India
276,YYC,Calgary - Calgary International Airport,Canada
277,CLO,Cali,Colombia
278,CCJ,Calicut,India
279,CLY,Calvi,France
280,YCB,Cambridge Bay,Canada
281,CBG,Cambrigde,United Kingdom
282,CAL,Campbeltown,United Kingdom
283,CGR,Campo Grande,Brazil
284,CBR,Canberra - Canberra Airport,Australia
285,CUN,Cancun,Mexico
286,CEQ,Cannes – Mandelieu Airport,France
287,CIW,Canouan (island) - Canouan Airport,Saint Vincent & the Grenadines
288,CPT,Cape Town - Cape Town International Airport,South Africa
289,CCS,Caracas - Simón Bolívar International Airport,Venezuela
290,CWL,Cardiff - Cardiff Airport,United Kingdom
291,CLD,Carlsbad (CA) ,USA
292,CVQ,Carnarvon,Australia
293,CRF,Carnot,Central African Republic
294,CSN,Carson City (NV) ,USA
295,CAS,Casablanca,Morocco
296,CMN,"Casablanca, Mohamed V",Morocco
297,LRM,Casa de Campo - La Romana International Airport,Dominican Republic
298,CSI,Casino,Australia
299,CPR,Casper (WY) ,USA
300,CST,Castaway,Fiji
301,CTG,Cartagena - Rafael Núñez International Airport,Colombia
302,SLU,Castries - George F. L. Charles Airport,Saint Lucia
303,CTA,Catania,Italy
304,CAY,Cayenne - Cayenne-Rochambeau Airport,French Guiana
305,CBU,Cottbus - Cottbus-Drewitz Airport,Germany
306,CEB,Cebu City - Mactan-Cebu International,Philippines
307,CDC,Cedar City (UT) ,USA
308,CID,Cedar Rapids IA,USA
309,CED,Ceduna,Australia
310,CES,Cessnock,Australia
311,KHV,Chabarovsk (Khabarovsk),Russia
312,CMF,Chambery,France
313,CMI,Champaign (IL),USA
314,IXC,Chandigarh - Chandigarh International Airport,India
315,CGQ,Changchun,"Jilin, PR China"
316,CHQ,Chania,Greece
317,CHG,"Chaoyang, Beijing - Chaoyang Airport",PR China
318,CHS,Charleston (SC) ,USA
319,CRW,Charleston (WV) - Yeager Airport,USA
320,CLT,Charlotte (NC) ,USA
321,CHO,Charlottesville (VA) ,USA
322,CXT,Charters Towers,Australia
323,CHA,Chattanooga (TN) ,USA
324,CTU,Chengdu - Shuangliu,"Sichuan, PR China"
325,MAA,Chennai (Madras),India
326,CYS,Cheyenne (WY) - Cheyenne Regional Airport,USA
327,CNX,Chiang Mai - Chiang Mai International Airport,Thailand
328,QCB,Chiba City,Japan
329,MDW,"Chicago (IL), Midway",USA
330,ORD,"Chicago (IL), O'Hare International Airport",USA
331,CHI,Chicago (IL),USA
332,CZA,Chichen Itza,Mexico
333,CIC,Chico (CA) ,USA
334,CUU,Chihuahua - Gen Fierro Villalobos,Mexico
335,JKH,Chios,Greece
336,CIP,Chipata,Zambia
337,KIV,Chisinau - Chişinău International Airport,Moldova
338,HTA,Chita (Tschita),Russia
339,CTS,Sapporo - New Chitose Airport,Japan
340,CJL,Chitral,Pakistan
341,CGP,Chittagong,Bangladesh
342,CKG,Chongqing - Jiangbei International Airport,"Sichuan, PR China"
343,CHC,Christchurch,New Zealand
344,CCZ,Chub Cay,Bahamas
345,YYQ,Churchill,Canada
346,CFG,Cienfuegos - Jaime González Airport,Cuba
347,CVG,Cincinnati (OH) - Cincinnati/Northern Kentucky Int'l ,USA
348,CME,Ciudad Del Carmen,Mexico
349,CGU,Ciudad Guayana,Venezuela
350,CJS,Ciudad Juarez,Mexico
351,CEN,Ciudad Obregon,Mexico
352,CVM,Ciudad Victoria,Mexico
353,CKB,Clarksburg (WV) ,USA
354,CMQ,Clermont,Australia
355,CFE,Clermont Ferrand,France
356,BKL,"Cleveland (OH) , Burke Lakefront",USA
357,CLE,Cleveland (OH) - Cleveland Hopkins International,USA
358,CBB,Cochabamba,Bolivia
359,COK,Cochin,India
360,COD,Cody/Powell/Yellowstone (WY) ,USA
361,KCC,Coffmann Cove (AK) ,USA
362,CFS,Coffs Harbour,Australia
363,CJB,Coimbatore,India
364,CLQ,Colima,Mexico
365,CLL,College Station/Bryan (TX) ,USA
366,KCE,Collinsville,Australia
367,CGN,Cologne - Cologne Airport (Flughafen Köln/Bonn),Germany
368,CMB,Colombo - Bandaranaike International Airport,Sri Lanka
369,COS,Colorado Springs (CO) ,USA
370,CAE,Columbia (SC) - Columbia Metropolitan Airport,USA
371,CSG,Columbus (GA),USA
372,CMH,Columbus (OH) - Port Columbus International,USA
373,CKY,Conakry - Conakry International Airport,Guinea
374,CCR,Concord (CA) - Buchanan Field,USA
375,CON,Concord (NH) - Concord Municipal Airport,USA
376,CZL,Constantine,Algeria
377,CND,Constanta (Constanța) - Constanta Int'l Airport,Romania
378,CPD,Coober Pedy,Australia
379,CTN,Cooktown,Australia
380,OOM,Cooma,Australia
381,CPH,Copenhagen - Copenhagen Airport,Denmark
382,COR,Cordoba,Argentina
383,ODB,Cordoba,Spain
384,CDV,Cordova (AK) ,USA
385,CFU,Corfu,Greece
386,ORK,Cork,Ireland
387,CRP,Corpus Christi (TX) ,USA
388,COO,Cotonou - Cotonou Cadjehoun Airport,Benin
389,CVT,Coventry - Baginton,United Kingdom
390,CZM,Cozmel,Mexico
391,CGA,Craig (AK) ,USA
392,CEC,Crescent City (CA) ,USA
393,CGB,Cuiaba - Marechal Rondon International Airport,Brazil
394,CUL,Culiacan,Mexico
395,CUR,Curacao - Curaçao International Airport,Netherlands Antilles
396,CWB,Curitiba - Afonso Pena International Airport,Brazil
397,CYU,Cuyo,Philippines
398,DKR,Dakar - Léopold Sédar Senghor International Airport,Senegal
399,DLM,Dalaman,Turkey
400,DBY,Dalby,Australia
401,DLC,Dalian - Zhoushuizi International Airport,"Liaoning, PR China"
402,DAL,"Dallas (TX) , Love Field",USA
403,DFW,Dallas/Ft. Worth (TX) - Dallas/Fort Worth International ,USA
404,DJO,Daloa,Cote d'Ivoire
405,DAM,"Damascus, International",Syria
406,DMM,"Dammam, King Fahad International",Saudi Arabien
407,DAN,Danville (VA) ,USA
408,DAR,Dar es Salam (Daressalam) - Julius Nyerere Int'l ,Tanzania
409,DRW,Darwin,Australia
410,DDI,Daydream Island,Australia
411,DAY,Dayton (OH) ,USA
412,DAB,Daytona Beach (FL),USA
413,DEC,Decatur (IL),USA
414,YDF,Deer Lake/Corner Brook,Canada
415,DEL,Delhi - Indira Gandhi International Airport,India
416,HAG,Den Haag (The Hague),Netherlands
417,DNZ,Denizli,Turkey
418,DPS,Denpasar/Bali,Indonesia
419,DEN,Denver (CO) - Denver International Airport,USA
420,DSK,Dera Ismail Khan - Dera Ismail Khan Airport,Pakistan
421,DRB,Derby,Australia
422,LDY,Derry (Londonderry),United Kingdom
423,DSM,Des Moines (IA) - Des Moines International Airport,USA
424,DET,"Detroit (MI) , Coleman A. Young Municipal",USA
425,DTW,"Detroit (MI) , Wayne County Airport",USA
426,DTT,"Detroit (MI) , Metropolitan Area",USA
427,DVL,Devils Lake (ND) ,USA
428,DPO,Devonport,Australia
429,DHA,Dhahran,Saudi Arabia
430,DAC,Dhaka - Zia International Airport,Bangladesh
431,DIL,Dili - Nicolau Lobato International Airport,Timor Leste (East Timor)
432,DLG,Dillingham (AK) ,USA
433,DNR,Dinard,France
434,DLP,Disneyland Paris,France
435,DJE,Djerba,Tunisia
436,JIB,Djibouti (city) - Djibouti-Ambouli International Airport,Djibouti
437,DOD,Dodoma - Dodoma Airport,Tanzania
438,DOH,Doha - Doha International Airport,Qatar
439,DSA,"Doncaster/Sheffield, Robin Hood International Airport",United Kingdom
440,CFN,Donegal (Carrickfin),Ireland
441,DTM,Dortmund,Germany
442,DHN,Dothan (AL) ,USA
443,DLA,Douala,Cameroon
444,DRS,Dresden - Dresden Airport,Germany
445,DXB,Dubai - Dubai International Airport,United Arab Emirates
446,DBO,Dubbo,Australia
447,DUB,Dublin - Dublin International Airport,Ireland
448,DUJ,Dubois (PA) ,USA
449,DBV,Dubrovnik,Croatia (Hrvatska)
450,DBQ,Dubuque IA,USA
451,DUS,Duesseldorf - Düsseldorf International Airport,Germany
452,DLH,Duluth (MN) /Superior (WI) ,USA
453,DND,Dundee,United Kingdom
454,DUD,Dunedin,New Zealand
455,DKI,Dunk Island,Australia
456,DRO,Durango (CO) ,USA
457,DUR,Durban,South Africa
458,DYU,Dushanbe (Duschanbe) - Dushanbe Airport,Tajikistan
459,DUT,Dutch Harbor (AK) ,USA
460,DYA,Dysart,Australia
461,DZA,Dzaoudzi,Mayotte
462,ELS,East London,South Africa
463,IPC,Easter Island,Chile
464,EAU,Eau Clarie (WI) ,USA
465,EDI,Edinburgh - Edinburgh Airport,"Scotland, UK"
466,YEA,Edmonton,Canada
467,YEG,"Edmonton, International",Canada
468,YXD,"Edmonton, Municipal",Canada
469,EGS,Egilsstadir,Iceland
470,EIN,Eindhoven,Netherlands
471,AZS,Samana - Samaná El Catey International Airport,Dominican Republic
472,EBA,"Elba Island, Marina Di Campo",Italy
473,ETH,Elat,Israel
474,VDA,"Elat, Ovula",Israel
475,EKI,Elkhart (IN),USA
476,EKO,Elko (NV) ,USA
477,ELL,Ellisras,South Africa
478,EMY,El Minya,Egypt
479,ELM,Elmira (NY) ,USA
480,ELP,El Paso (TX) - El Paso International Airport,USA
481,ELY,Ely (NV) ,USA
482,EDR,Emerald,Australia
483,EMD,Emerald,Australia
484,ENF,Enontekioe,Finland
485,EBB,Entebbe - Entebbe International Airport,Uganda
486,ERF,Erfurt - Erfurt Airport (Flughafen Erfurt),Germany
487,ERI,Erie (PA) ,USA
488,EVN,"Eriwan (Yerevan, Jerevan)",Armenia
489,ERC,Erzincan,Turkey
490,ERZ,Erzurum,Turkey
491,EBJ,Esbjerg,Denmark
492,ESC,Escanaba (MI) ,USA
493,EPR,Esperance,Australia
494,EUG,Eugene (OR) ,USA
495,ACV,Eureka (CA) ,USA
496,EVV,Evansville (IN),USA
497,EVE,Evenes,Norway
498,EXT,Exeter,United Kingdom
499,FAI,Fairbanks (AK) ,USA
500,FIE,Fair Isle (Shetland),United Kingdom
501,LYP,Faisalabad,Pakistan
502,FAR,Fargo (ND) (MN) ,USA
503,FMN,Farmington (NM) ,USA
504,FAO,Faro,Portugal
505,FAE,Faroer - Vágar Airport ,Denmark
506,FYV,Fayetteville (AR) ,USA
507,FAY,Fayetteville/Ft. Bragg (NC) ,USA
508,FEZ,Fes,Morocco
509,FSC,Figari,France
510,FLG,Flagstaff (AZ) ,USA
511,YFO,Flin Flon,Canada
512,FNT,Flint (MI) ,USA
513,FLR,Florence (Firenze) - Peretola Airport,Italy
514,FLO,Florence (SC) ,USA
515,FLN,Florianopolis,Brazil
516,FRO,Floro,Norway
517,YFA,Fort Albert,Canada
518,FOR,Fortaleza - Pinto Martins Airport,Brazil
519,FDF,Fort de France - Martinique Aimé Césaire International,Martinique
520,FOD,Fort Dodge IA,USA
521,FHU,Fort Huachuca/Sierra Vista (AZ) ,USA
522,FLL,Fort Lauderdale/Hollywood (FL),USA
523,YMM,Fort McMurray,Canada
524,FMY,"Fort Myers, Metropolitan Area (FL)",USA
525,RSW,"Fort Myers, Southwest Florida Reg (FL)",USA
526,FRI,Fort Riley (KS) - Marshall AAF,USA
527,YSM,Fort Smith,Canada
528,FSM,Fort Smith (AR) ,USA
529,YXJ,Fort St. John,Canada
530,VPS,Fort Walton Beach (FL),USA
531,FWA,Fort Wayne (IN),USA
532,DFW,Fort Worth (TX) - Dallas/Fort Worth International Airport,USA
533,FOU,Foula (Shetland),United Kingdom
534,FRW,Francistown,Botswana
535,FRA,Frankfurt/Main - Frankfurt Airport (Rhein-Main-Flughafen),Germany
536,HHN,Frankfurt/Hahn,Germany
537,FKL,Franklin/Oil City (PA) ,USA
538,YFC,Fredericton,Canada
539,FPO,Freeport - Grand Bahama International Airport,Bahamas
540,FNA,Freetown - Freetown-Lungi International Airport,Sierra Leone
541,FRJ,Frejus,France
542,FAT,Fresno (CA) ,USA
543,FDH,Friedrichshafen - Bodensee-Airport Friedrichshafen,Germany
544,FUE,Fuerteventura,Spain
545,FJR,"Fujairah, International Airport",United Arab Emirates
546,FUK,Fukuoka,Japan
547,FKS,Fukushima - Fukushima Airport,Japan
548,FNC,Funchal,Portugal
549,FUT,Futuna,Wallis and Futuna Islands
550,GBE,Gaborone - Sir Seretse Khama International Airport,Botswana
551,GAD,Gadsden (AL) ,USA
552,GNV,Gainesville (FL),USA
553,GWY,Galway,Ireland
554,YQX,Gander,Canada
555,GOU,Garoua,Cameroon
556,GZA,Gaza City - Gaza International Airport,Palestinian Territory
557,GZT,Gaziantep,Turkey
558,GDN,Gdansk,Poland
559,GEX,Geelong,Australia
560,GVA,Geneva - Geneva-Cointrin International Airport,Switzerland
561,GOA,Genoa,Italy
562,GRJ,George,South Africa
563,GEO,Georgetown - Cheddi Jagan International Airport,Guyana
564,GET,Geraldton,Australia
565,GRO,Gerona,Spain
566,GNE,Ghent (Gent),Belgium
567,GIB,Gibraltar,Gibraltar
568,GCC,Gilette (WY) ,USA
569,GIL,Gilgit,Pakistan
570,YGX,Gillam,Canada
571,GLT,Gladstone,Australia
572,PIK,"Glasgow, Prestwick",United Kingdom
573,GLA,Glasgow,United Kingdom
574,GGW,Glasgow (MT) ,USA
575,GDV,Glendive (MT) ,USA
576,GOI,Goa,India
577,GYN,"Goiania, Santa Genoveva Airport",Brazil
578,OOL,Gold Coast,Australia
579,GOO,Goondiwindi,Australia
580,YYR,Goose Bay,Canada
581,GOZ,Gorna,Bulgaria
582,GOT,Gothenburg (Göteborg) - Landvetter,Sweden
583,GOV,Gove (Nhulunbuy),Australia
584,GHB,Govenors Harbour,Bahamas
585,GRX,Granada,Spain
586,FPO,Grand Bahama International,Bahamas
587,GCN,Grand Canyon (AZ) ,USA
588,GCM,Grand Cayman - Owen Roberts International,Cayman Islands
589,GFK,Grand Forks (ND) ,USA
590,GJT,Grand Junction (CO) ,USA
591,GRR,Grand Rapids (MI) ,USA
592,GPZ,Grand Rapids (MN) ,USA
593,GRZ,Graz,Austria
594,GTF,Great Falls (MT) ,USA
595,GKL,Great Keppel Island,Australia
596,GRB,Green Bay (WI) ,USA
597,LWB,Greenbrier/Lewisburg (WV) ,USA
598,GSO,Greensboro/Winston Salem (NC) ,USA
599,GLH,Greenville (MS) ,USA
600,PGV,Greenville (NC) ,USA
601,GSP,Greenville/Spartanburg (SC) ,USA
602,GND,Grenada - Point Salines Airport also Maurice Bishop ,Grenada
603,GNB,Grenoble,France
604,GFF,Griffith,Australia
605,GRQ,Groningen - Eelde,Netherlands
606,GTE,Groote Eylandt - Alyangula,Australia
607,GON,Groton/New London (CT) ,USA
608,GDL,Guadalajara,Mexico
609,GSI,Guadalcanal,Solomon Islands
610,GUM,Guam,Guam
611,CAN,Guangzhou (Canton) - Baiyun International Airport,"Guangdong, PR China"
612,GRU,Sao Paulo - Guarulhos International,Brazil
613,GUA,Guatemala City - La Aurora International Airport,Guatemala
614,GYE,Guayaquil - Simon Bolivar,Ecuador
615,GCI,Guernsey,Channel Islands
616,GTI,Guettin,Germany
617,GPT,Gulfport/Biloxi (MS) ,USA
618,KWL,Guilin - Liangjiang,"Guangxi, PR China"
619,ULU,Gulu,Uganda
620,GUC,Gunnison/Crested Butte (CO) ,USA
621,GAU,Guwahati,India
622,GWD,Gwadar,Pakistan
623,GWE,Gweru,Zimbabwe
624,GYP,Gympie,Australia
625,HAC,Hachijo Jima,Japan
626,GUM,Hagåtña - Guam International Airport,Guam
627,HFA,Haifa,Israel
628,HNS,Haines (AK) ,USA
629,HKD,Hakodate,Japan
630,YHZ,Halifax International,Canada
631,YUX,Hall Beach,Canada
632,HAM,Hamburg - Fuhlsbuettel,Germany
633,HLT,Hamilton,Australia
634,YHM,Hamilton,Canada
635,HLZ,Hamilton,New Zealand
636,HTI,Hamilton Island,Australia
637,HFT,Hammerfest,Norway
638,CMX,Hancock (MI) ,USA
639,HGH,Hangchow (Hangzhou),"Zhejiang, PR China"
640,HAJ,Hannover,Germany
641,HAN,Hanoi - Noi Bai International Airport,Vietnam
642,HRE,Harare - Harare International Airport,Zimbabwe
643,HRB,Harbin (Haerbin),"Heilongjiang, PR China"
644,HRL,Harlingen/South Padre Island (TX) ,USA
645,YHR,"Harrington Harbour, PQ",Canada
646,HAR,Harrisburg (PA) - Harrisburg Skyport,USA
647,MDT,Harrisburg (PA) - Harrisburg International,USA
648,BDL,Hartford (CT) /Springfield (MA) ,USA
649,HDY,Hatyai (Hat Yai),Thailand
650,HAU,Haugesund,Norway
651,HAV,Havana - José Martí International,Cuba
652,HVR,Havre (MT) ,USA
653,HIS,Hayman Island,Australia
654,HLN,Helena (MT) ,USA
655,JHE,Helsingborg,Sweden
656,HEL,Helsinki - Vantaa,Finland
657,HER,Heraklion,Greece
658,HMO,Hermosillo - Gen. Pesqueira Garcia,Mexico
659,HVB,Hervey Bay,Australia
660,HIB,Hibbing (MN) ,USA
661,HKY,Hickory (NC) ,USA
662,ITO,Hilo (HI),USA
663,HHH,Hilton Head Island (SC) ,USA
664,HNK,Hinchinbrook Island,Australia
665,HIJ,Hiroshima International,Japan
666,SGN,Ho Chi Minh City (Saigon) - Tan Son Nhat International,Viet Nam
667,HBA,Hobart,Australia
668,HOQ,Hof,Germany
669,HOG,Holguin,Cuba
670,HMH,Home Hill,Australia
671,HOM,Homer (AK) ,USA
672,HKG,Hong Kong - International Airport (HKIA),Hong Kong
673,ZJK,Hong Kong - Chek Lap Kok,Hong Kong
674,HIR,Honiara Henderson International,Solomon Islands
675,HNL,Honolulu (HI) - Honolulu International Airport,USA
676,HNH,Hoonah (AK) ,USA
677,HOR,Horta,Portugal
678,HOU,"Houston (TX) , Hobby",USA
679,IAH,"Houston, TX - George Bush Intercontinental Airport",USA
680,HUH,Huahine,French Polynesia
681,HUX,Huatulco,Mexico
682,HUI,Hue - Phu Bai,Viet Nam
683,HUY,Humberside,United Kingdom
684,HTS,Huntington (WV) ,USA
685,HSV,Huntsville (AL) ,USA
686,HRG,Hurghada International,Egypt
687,HON,Huron (SD) ,USA
688,HWN,Hwange National Park,Zimbabwe
689,HYA,Hyannis (MA) ,USA
690,HYG,Hydaburg (AK) ,USA
691,HYD,Hyderabad - Rajiv Gandhi International Airport,India
692,HDD,Hyderabad,Pakistan
693,IBZ,Ibiza,Ibiza/Spain
694,IDA,Idaho Falls (ID),USA
695,IGR,"Iguazu, Cataratas",Argentina
696,ILP,Ile des Pins,New Caledonia
697,IOU,Ile Ouen,New Caledonia
698,ILI,Iliamna (AK) ,USA
699,IPL,Imperial (CA) ,USA
700,IVC,Incercargill,New Zealand
701,ICN,"Incheon, Incheon International Airport",Korea South
702,IND,Indianapolis (IN) International,USA
703,IGH,Ingham,Australia
704,IFL,Innisfail,Australia
705,INN,Innsbruck - Kranebitten,Austria
706,INL,International Falls (MN) ,USA
707,YEV,Inuvik,Canada
708,IVC,Invercargill,New Zealand
709,INV,Inverness,United Kingdom
710,IYK,Inykern (CA) ,USA
711,YFB,Iqaluit (Frobisher Bay),Canada
712,IQT,Iquitos,Peru
713,IKT,Irkutsk,Russia
714,ISG,Ishigaki - New Ishigaki Airport,Japan
715,ISB,Islamabad - Benazir Bhutto International Airport,Pakistan
716,ILY,Islay,United Kingdom
717,IOM,Isle of Man, 
718,IST,Istanbul - Istanbul Atatürk Airport,Turkey
719,SAW,Istanbul - Sabiha Gokcen,Turkey
720,ITH,Ithaca/Cortland (NY) ,USA
721,IVL,Ivalo,Finland
722,ZIH,Ixtapa/Zihuatenejo,Mexico
723,IZM,Izmir,Turkey
724,ADB,Izmir - Adnan Menderes Airport,Turkey
725,JAC,Jackson Hole (WY) ,USA
726,JXN,Jackson (MI) - Reynolds Municipal,USA
727,MJQ,"Jackson,  MN  ",USA
728,JAN,Jackson (MS) - Jackson Internationall,USA
729,HKS,Jackson (MS) - Hawkins Field   ,USA
730,MKL,Jackson (TN) - Mckellar,USA
731,JAC,Jackson Hole (WY) ,USA
732,LRF,Jacksonville (AR)  Little Rock AFB   ,USA
733,NZC,Jacksonville (FL) - Cecil Field NAS   ,USA
734,NIP,Jacksonville (FL) Jacksonville NAS   ,USA
735,JAX,Jacksonville (FL) - International,USA
736,CRG,Jacksonville (FL) - Craig Municipal   ,USA
737,IJX,Jacksonville (IL) - Municipal Airport,USA
738,OAJ,Jacksonville (NC) ,USA
739,JKV,Jacksonville (TX) ,USA
740,JAK,Jacmel   ,Haiti
741,JAG,Jacobabad,Pakistan
742,JCM,Jacobina   ,Brazil
743,JAQ,Jacquinot Bay,Papua New Guinea
744,JAF,Jaffna - Kankesanturai,Sri Lanka
745,JGB,Jagdalpur,India
746,JAI,Jaipur - Sanganeer,India
747,JSA,Jaisalmer   ,India
748,HLP,Jakarta - Halim Perdana Kusuma,Indonesia
749,JKT,Jakarta - Metropolitan Area,Indonesia
750,CGK,Jakarta - Soekarno-Hatta International,Indonesia
751,JAA,Jalalabad    ,Afghanistan
752,JLR,Jalandhar,India
753,JAL,Jalapa,Mexico
754,JLS,Jales,Brazil
755,UIT,Jaluit Island  ,Marshall Islands
756,JMB,Jamba,Angola
757,DJB,Jambi - Sultan Taha Syarifudn,Indonesia 
758,JAM,Jambol,Bulgaria
759,JMS,Jamestown (ND) ,USA
760,JHW,Jamestown (NY) ,USA
761,IXJ,Jammu - Satwari,India
762,JGA,Jamnagar - Govardhanpur,India
763,IXW,Jamshedpur - Sonari Airport,India
764,JKR,Janakpur,Nepal
765,JAD,Jandakot,Australia
766,JVL,Janesville (WI) - Rock County,USA
767,JNA,Januaria,Brazil
768,JQE,Jaque   ,Panama
769,JTI,Jatai,Brazil
770,JAU,Jauja,Peru
771,DJJ,Jayapura - Sentani,Indonesia
772,JED,Jeddah - King Abdulaziz International,Saudi Arabia
773,JEF,Jefferson City (MO) - Jefferson Memorial,USA
774,JEE,Jeremie - Jeremie Airport,Haiti
775,XRY,Jerez de la Frontera/Cadiz - La Parra,Spain
776,JER,Jersey,Channel Islands
777,JRS,Jerusalem - Atarot Airport (closed),Israel
778,JSR,Jessore - Jessore Airport,Bangladesh
779,PYB,Jeypore - Jeypore Airport,India
780,JGS,Ji'an,"Jiangxi, China"
781,JMU,Jiamusi - Jiamusi Airport,PR China
782,JGN,Jiayuguan - Jiayuguan Airport,PR China
783,GJL,Jijel,Algeria
784,JIJ,Jijiga,Ethiopia
785,JIL,Jilin,PR China
786,JIM,Jimma,Ethiopia
787,TNA,Jinan,"Shandong, PR China"
788,JDZ,Jingdezhen,PR China
789,JHG,Jinghong - Gasa Airport,PR China
790,JNG,Jining,PR China
791,JIN,Jinja,Uganda
792,JJN,Jinjiang,PR China
793,BCO,Jinka - Baco/Jinka Airport,Ethiopia
794,JNZ,Jinzhou - Jinzhou Airport,PR China
795,JIP,Jipijapa,Ecuador
796,JIR,Jiri,Nepal
797,JIU,Jiujiang - Jiujiang Lushan Airport,PR China
798,JIW,Jiwani,Pakistan
799,JCB,Joacaba,Brazil
800,JPA,Joao Pessoa - Castro Pinto Airport,Brazil
801,JDH,Jodhpur,India
802,JKG,Jönköping (Jonkoping) - Axamo Airport,Sweden
803,JOE,Joensuu,Finland
804,JNB,Johannesburg - OR Tambo International Airport,South Africa
805,BGM,Johnson City (NY) - Binghamton/Endicott/Johnson,USA
806,JON,Johnston Island,USA
807,JST,Johnstown (PA) ,USA
808,JHB,Johor Bahru - Sultan Ismail International,Malaysia
809,JOI,Joinville - Cubatao Airport,Brazil
810,JOL,Jolo,Philippines
811,JMO,Jomsom,Nepal
812,JBR,Jonesboro (AR)  Jonesboro Airport,USA
813,JLN,Joplin (MO) ,USA
814,JRH,Jorhat - Rowriah Airport,India
815,JOS,Jos,Nigeria
816,JSM,Jose De San Martin,Argentina
817,AJF,Jouf,Saudi Arabia
818,JJI,Juanjui,Peru
819,JUB,Juba,South Sudan
820,JUI,Juist (island),Germany
821,JDF,Juiz De Fora - Francisco De Assis Airport,Brazil
822,JUJ,Jujuy - El Cadillal Airport,Argentina
823,JCK,Julia Creek,Australia
824,JUL,Juliaca,Peru
825,JUM,Jumla,Nepal
826,JUN,Jundah,Australia
827,JNU,Juneau (AK) - Juneau International Airport,USA
828,JNI,Junin,Argentina
829,JUT,Juticalpa,Honduras
830,JWA,Jwaneng,Botswana
831,JYV,Jyväskylä (Jyvaskyla),Finland
832,KBL,Kabul - Khwaja Rawash Airport,Afghanistan
833,KOJ,Kagoshima,Japan
834,KCM,Kahramanmaras,Turkey
835,OGG,Kahului (HI),USA
836,KAJ,Kajaani,Finland
837,KLX,Kalamata,Greece
838,AZO,Kalamazoo/Battle Creek (MI) ,USA
839,KGI,Kalgoorlie,Australia
840,KGD,Kaliningrad,Russia
841,FCA,Kalispell (MT) ,USA
842,KLR,Kalmar,Sweden
843,YKA,"Kamloops, BC",Canada
844,MUE,Kamuela (HI),USA
845,KAN,Kano,Nigeria
846,KNU,Kanpur,India
847,MCI,Kansas City (MO) - Kansas City International Airport,USA
848,KHH,Kaohsiung International,Taiwan
849,JHM,Kapalua West (HI),USA
850,KHI,Karachi - Jinnah International Airport,Pakistan
851,FKB,Karlsruhe-Baden - Soellingen,Germany
852,KSD,Karlstad,Sweden
853,AOK,Karpathos,Greece
854,KTA,Karratha,Australia
855,KYS,Kars,Turkey
856,KRB,Karumba,Australia
857,KRP,Karup,Denmark
858,ZKE,"Kaschechawan, PQ",Canada
859, KSL,Kassala,Sudan
860,KTR,Katherine,Australia
861,KTM,Kathmandu - Tribhuvan International Airport,Nepal
862,MPA,Katima Mulilo/Mpacha,Namibia
863,KHJ,Kauhajoki,Finland
864,MKK,Kaunakakai (HI),USA
865,KVA,Kavalla,Greece
866,ASR,Kayseri,Turkey
867,KZN,Kazan - Kazan International Airport,Russia
868,KMP,Keetmanshoop,Namibia
869,YLW,"Kelowna, BC",Canada
870,KEM,Kemi/Tornio,Finland
871,ENA,Kenai (AK) ,USA
872,MSE,Kent (Manston) Kent International,United Kingdom
873,KIR,Kerry County,Ireland
874,KTN,Ketchikan (AK) ,USA
875,EYW,Key West (FL),USA
876,AHB,Khamis Mushayat,Saudi Arabia
877,UVL,Kharga - New Valley,Egypt
878,HRK,Kharkov,Ukraine
879,KRT,Khartoum - Khartoum International Airport,Sudan
880,KDD,Khuzdar,Pakistan
881,KEL,Kiel - Holtenau,Germany
882,KBP,Kiev - Borispol,Ukraine
883,IEV,Kiev - Zhulhany,Ukraine
884,KGL,Kigali - Gregoire Kayibanda,Rwanda
885,JRO,Kilimadjaro,Tanzania
886,ILE,Killeem (TX) ,USA
887,KIM,Kimberley,South Africa
888,KNS,King Island,King Island (Australia)
889,AKN,King Salomon (AK) ,USA
890,KGC,Kingscote,Australia
891,KIN,Kingston - Norman Manley,Jamaica
892,ISO,Kingston (NC) ,USA
893,SVD,Kingstown - E. T. Joshua Airport,Saint Vincent and the Grenadines
894,FIH,Kinshasa - N'Djili,Congo (DRC)
895,CXI,Kiritimati (island) - Cassidy International Airport,Kiribati
896,KKN,Kirkenes,Norway
897,KIK,Kirkuk,Iraq
898,KOI,Kirkwall (Orkney),United Kingdom
899,KRN,Kiruna,Sweden
900,FKI,Kisangani,Congo (DRC)
901,KTT,Kittilä,Finland
902,KIW,Kitwe,Zambia
903,KLU,Klagenfurt,Austria
904,LMT,Klamath Fall (OR) ,USA
905,KLW,Klawock (AK) ,USA
906,KLZ,Kleinsee,South Africa
907,NOC,Knock,Ireland
908,TYS,Knoxville (TN) ,USA
909,UKB,Kobe,Japan
910,KCZ,Kochi,Japan
911,CGN,"Köln, Köln/Bonn",Germany
912,ADQ,Kodiak (AK) ,USA
913,OHT,Kohat,Pakistan
914,KOK,Kokkola/Pietarsaari,Finland
915,CCU,Kolkata (Calcutta) - Netaji Subhas Chandra,India
916,KMQ,Komatsu,Japan
917,KOA,Kona (HI),USA
918,KYA,Konya,Turkey
919,HGO,Korhogo,Cote d'Ivoire
920,KGS,Kos,Greece
921,BKI,Kota Kinabalu,Malaysia
922,OTZ,Kotzbue (AK) ,USA
923,KWM,Kowanyama,Australia
924,KRK,Krakow (Cracow) - John Paul II International Airport,Poland
925,KRS,Kristiansand,Norway
926,KID,Kristianstad,Sweden
927,KSU,Kristiansund,Norway
928,KUL,Kuala Lumpur - International Airport,Malaysia
929,SZB,Kuala Lumpur - Sultan Abdul Aziz Shah,Malaysia
930,KUA,Kuantan,Malaysia
931,KCH,Kuching,Malaysia
932,KMJ,Kumamoto,Japan
933,KNX,Kununurra,Australia
934,KUO,Kuopio,Finland
935,KUH,Kushiro,Japan
936,YVP,Kuujjuaq (FortChimo),Canada
937,YGW,Kuujjuarapik,Canada
938,KAO,Kuusamo,Finland
939,KWI,Kuwait - Kuwait International,Kuwait
940,UKY,Kyoto,Japan
941,LEK,Labe,Guinea
942,WLB,Labouchere Bay (AK) ,USA
943,LBU,Labuan,Malaysia
944,XLB,"Lac Brochet, MB",Canada
945,LCG,La Coruna,Spain
946,LSE,La Crosse (WI) ,USA
947,LAE,Lae - Lae Nadzab Airport,Papua New Guinea
948,LRH,La Rochelle,France
949,LAF,Lafayette (IN),USA
950,LFT,"Lafayette, La",USA
951,LOS,Lagos - Murtala Muhammed Airport,Nigeria
952,YGL,La Grande,Canada
953,LHE,Lahore,Pakistan
954,LCH,Lake Charles (LA) ,USA
955,HII,Lake Havasu City (AZ) ,USA
956,TVL,Lake Tahoe (CA) ,USA
957,LKL,Lakselv,Norway
958,LBQ,Lambarene,Gabon
959,SUF,Lamezia Terme,Italy
960,LMP,Lampedusa,Italy
961,LNY,Lanai City (HI),USA
962,LNS,Lancaster (PA) ,USA
963,LEQ,Land's End,United Kingdom
964,LGK,Langkawi (islands),Malaysia
965,LAI,Lannion,France
966,HLA,Lanseria,South Africa
967,LAN,Lansing (MI) ,USA
968,LPB,La Paz - El Alto,Bolivia
969,LAP,La Paz - Leon,Mexico
970,LPP,Lappeenranta,Finland
971,LAR,Laramie (WY) ,USA
972,LRD,Laredo (TX) ,USA
973,LCA,Larnaca,Cyprus
974,LPA,Las Palmas,Spain
975,LAS,Las Vegas (NV) ,USA
976,LBE,Latrobe (PA) ,USA
977,LST,Launceston,Australia
978,PIB,Laurel/Hattisburg (MS) ,USA
979,LVO,Laverton,Australia
980,LAW,Lawton (OK) ,USA
981,LZC,Lazaro Cardenas,Mexico
982,YLR,Leaf Rapids,Canada
983,LEA,Learmouth (Exmouth),Australia
984,LEB,Lebanon (NH) ,USA
985,LBA,Leeds/Bradford,United Kingdom
986,LER,Leinster,Australia
987,LEJ,Leipzig,Germany
988,LEY,Lelystad,Netherlands
989,BJX,Leon,Mexico
990,LNO,Leonora,Australia
991,LWK,Lerwick/Tingwall (Shetland Islands),United Kingdom
992,LWS,Lewiston (ID),USA
993,LWT,Lewistown (MT) ,USA
994,LEX,Lexington (KY) ,USA
995,LBV,Libreville,Gabon
996,LDK,Lidkoeping,Sweden
997,LGG,Liege,Belgium
998,LIF,Lifou,"Loyaute, Pazifik"
999,LIH,Lihue (HI),USA
1000,LIL,Lille - Lille Airport,France
1001,LLW,Lilongwe - Lilongwe International,Malawi
1002,LIM,Lima - J Chavez International,Peru
1003,QLI,Limassol,Cyprus
1004,LIG,Limoges,France
1005,LNK,Lincoln (NE) ,USA
1006,LDC,Lindeman Island,Australia
1007,LNZ,Linz - Hoersching,Austria
1008,LIQ,Lisala,Congo (DRC)
1009,LIS,Lisbon - Lisboa,Portugal
1010,LSY,Lismore,Australia
1011,LIT,Little Rock (AR) ,USA
1012,LPL,Liverpool,United Kingdom
1013,LZR,Lizard Island,Australia
1014,LJU,Ljubljana - Brnik,Slovenia
1015,IRG,Lockhart River,Australia
1016,LFW,Lome,Togo
1017,YXU,London,Canada
1018,LON,London Metropolitan Area,United Kingdom
1019,LCY,London - City Airport,United Kingdom
1020,LGW,London - Gatwick,United Kingdom
1021,LHR,London - Heathrow,United Kingdom
1022,LTN,London - Luton,United Kingdom
1023,STN,London - Stansted,United Kingdom
1024,LDY,Londonderry - Eglinton,United Kingdom
1025,LGB,Long Beach (CA) ,USA
1026,LIJ,Long Island (AK) ,USA
1027,ISP,"Long Island, Islip (NY) - Mac Arthur",USA
1028,LRE,Longreach,Australia
1029,GGG,Longview/Kilgore (TX) ,USA
1030,LYR,Longyearbyen - Svalbard,Svalbard/Norway
1031,LTO,Loreto,Mexico
1032,LRT,Lorient,France
1033,LAX,Los Angeles (CA) - International,USA
1034,SJD,Los Cabos,Mexico
1035,LMM,Los Mochis,Mexico
1036,TFN,Los Rodeos,Teneriffa/Spain
1037,LSZ,Losinj - Losinj Arpt,Croatia (Hrvatska)
1038,LDE,Lourdes/Tarbes,France
1039,SDF,Louisville (KY) ,USA
1040,LAD,Luanda - 4 de Fevereiro,Angola
1041,LBB,Lubbock (TX) ,USA
1042,LKO,Lucknow,India
1043,LUD,Luederitz,Namibia
1044,MLA,Luga,Malta
1045,LUG,Lugano,Switzerland
1046,LLA,Lulea,Sweden
1047,FBM,Lumbumbashi,Congo (DRC)
1048,LUN,Lusaka - Lusaka International Airport,Zambia
1049,LUJ,Lusisiki,South Africa
1050,LUX,Luxembourg,Luxembourg
1051,LUM,Luxi - Mangshi,"Yunnan, PR China"
1052,LXR,Luxor,Egypt
1053,LWO,"Lvov (Lwow, Lemberg)",Ukraine
1054,LYX,Lydd - Lydd International Airport,United Kingdom
1055,LYH,Lynchburg (VA) ,USA
1056,LYS,Lyon - Lyon-Saint Exupéry Airport ,France
1057,LYO,Lyons (KS) - Rice County Municipal,USA
1058,MST ,Maastricht/Aachen,Netherlands
1059,MCP,Macapa - Alberto Alcolumbre International Airport,Brazil
1060,MFM,Macau - Macau International Airport,"Macau, China SAR"
1061,MCZ,Maceio - Zumbi dos Palmares International Airport,Brazil
1062,MKY,Mackay,Australia
1063,MCN,Macon (GA),USA
1064,NOP,Mactan Island - Nab,Philippines
1065,MED,Madinah (Medina) - Mohammad Bin Abdulaziz,Saudi Arabia
1066,MSN,Madison (WI) - Dane County Regional Airport,USA
1067,MAA,Madras (Chennai) - Chennai International Airport,India
1068,MAD,Madrid - Barajas Airport,Spain
1069,SEZ,Mahe - Seychelles International,Seychelles
1070,MAH,Mahon,Spain
1071,MTL,Maitland,Australia
1072,MJN,Majunga,Madagascar
1073,MZG,Makung,Taiwan
1074,SSG,Malabo - Malabo International Airport,Equatorial Guinea
1075,AGP,Malaga,Spain
1076,MLX,Malatya,Turkey
1077,MLE,Male - Velana International Airport,Maledives
1078,MYD,Malindi,Kenya
1079,MMA,Malmo (Malmoe),Sweden
1080,MMX,Malmo (Malmö) - Malmö Airport,Sweden
1081,MJC,Man,Cote d'Ivoire
1082,MGA,Managua - Augusto C Sandino,Nicaragua
1083,MAO,Manaus - Eduardo Gomes International Airport,Brazil
1084,MAN,Manchester,United Kingdom
1085,MHT,Manchester (NH) ,USA
1086,MDL,Mandalay - Mandalay-Annisaton Airport,Myanmar
1087,MFO,Manguna,Papua New Guinea
1088,XMH,Manihi,French Polynesia
1089,MNL,Manila - Ninoy Aquino International,Philippines
1090,ZLO,Manzanillo,Mexico
1091,MTS,Manzini - Matsapha International,Swaziland
1092,MPM,Maputo - Maputo International,Mozambique
1093,MDQ,Mar del Plata,Argentina
1094,MAR,Maracaibo - La Chinita International,Venezuela
1095,MFQ,Maradi,Niger
1096,KCM,Maras,Turkey
1097,MTH,Marathon (FL),USA
1098,MQM,Mardin,Turkey
1099,MEE,Mare,New Caledonia
1100,MGH,Margate,South Africa
1101,PMV,Margerita,Venezuela
1102,MBX,Maribor,Slovenia
1103,MHQ,Mariehamn (Maarianhamina),Finland
1104,MVR,Maroua,Cameroon
1105,MQT,Marquette (MI) ,USA
1106,RAK,Marrakesh - Menara Airport,Morocco
1107,RMF,Marsa Alam,Egypt
1108,MUH,Marsa Matrah (Marsa Matruh),Egypt
1109,MRS,Marseille - Marseille Provence Airport,France
1110,MHH,Marsh Harbour,Bahamas
1111,MVY,Martha's Vineyard (MA) ,USA
1112,MRB,Martinsburg (WV) ,USA
1113,MBH,Maryborough,Australia
1114,MSU,Maseru - Moshoeshoe International,Lesotho
1115,MCW,Mason City IA,USA
1116,MVZ,Masvingo,Zimbabwe
1117,MMJ,"Matsumoto, Nagano",Japan
1118,MYJ,Matsuyama,Japan
1119,MTO,Mattoon (IL),USA
1120,MUB,Maun,Botswana
1121,MAU,Maupiti,French Polynesia
1122,MRU,Mauritius - S.Seewoosagur Ram International,Mauritius
1123,MAZ,Mayaguez,Puerto Rico
1124,MZT,Mazatlan,Mexico
1125,MFE,McAllen (TX) ,USA
1126,MES,Medan - Polania Int'l (now Soewondo AFB),Indonesia
1127,KNO,Medan - Kualanamu International,Indonesia
1128,MDE,Medellin - José María Córdova International,Colombia
1129,MFR,Medford (OR) ,USA
1130,MED,Medina,Saudi Arabia
1131,MKR,Meekatharra,Australia
1132,MEL,Melbourne - Melbourne Airport (Tullamarine),Australia
1133,MLB,Melbourne (FL),USA
1134,DOM,Melville Hall,Dominica
1135,MEM,Memphis (TN) ,USA
1136,MDZ,Mendoza,Argentina
1137,MDC,Manado,Indonesia
1138,MCE,Merced (CA) ,USA
1139,MID,Merida,Mexico
1140,MEI,Meridian (MS) ,USA
1141,MIM,Merimbula,Australia
1142,MEZ,Messina,South Africa
1143,MTM,Metlakatla (AK) ,USA
1144,MZM,Metz -  Frescaty,France
1145,ETZ,Metz/Nancy Metz-Nancy-Lorraine,France
1146,MXL,Mexicali,Mexico
1147,MEX,Mexico City - Mexico City International Airport,Mexico
1148,AZP,Mexico City - Atizapan,Mexico
1149,MEX,Mexico City - Juarez International,Mexico
1150,NLU,Mexico City - Santa Lucia,Mexico
1151,MFU,Mfuwe,Zambia
1152,MIA,Miami (FL),USA
1153,MWD,Mianwali,Pakistan
1154,MMM,Middlemount,Australia
1155,MAF,Midland/Odessa (TX) ,USA
1156,MDY,Midway Island - Sand Island Field,US Minor Outlying Islands
1157,MIK,Mikkeli,Finland
1158,MIL,Milan,Italy
1159,LIN,Milan - Linate,Italy
1160,MXP,Milan - Malpensa,Italy
1161,BGY,Milan - Orio Al Serio,Italy
1162,MQL,Mildura,Australia
1163,MLS,Miles City (MT) ,USA
1164,MFN,Milford Sound,New Zealand
1165,MKE,Milwaukee (WI) ,USA
1166,MTT,Minatitlan,Mexico
1167,MRV,Mineralnye Vody,Russia
1168,MSP,Minneapolis - St. Paul International Airport (MN) ,USA
1169,MOT,Minot (ND) ,USA
1170,MSQ,"Minsk, International",Belarus
1171,MYY,Miri,Malaysia
1172,QML,Mirpur,Pakistan
1173,MSO,Missula (MT) ,USA
1174,MHE,Mitchell (SD) ,USA
1175,MMY,Miyako Jima (Ryuku Islands) - Hirara,Japan
1176,KMI,Miyazaki,Japan
1177,MBM,Mkambati,South Africa
1178,MFF,Moanda,Gabon
1179,MOB,Mobile (AL) - Pascagoula (MS) ,USA
1180,MOD,Modesto (CA) ,USA
1181,MJD,Moenjodaro,Pakistan
1182,MGQ,Mogadishu,Somalia
1183,OKU,Mokuti,Namibia
1184,MLI,Moline/Quad Cities (IL),USA
1185,MBA,Mombasa - Moi International,Kenya
1186,MIR,Monastir,Tunisia
1187,YQM,Moncton,Canada
1188,MLU,Monroe (LA),USA
1189,MLW,Monrovia - Metropolitan Area,Liberia
1190,ROB,Monrovia - Roberts International,Liberia
1191,MBJ,Montego Bay - Sangster International,Jamaica
1192,QGF,Montenegro,Brazil
1193,MRY,Monterey (CA) ,USA
1194,MTY,Monterrey - Gen. Mariano Escobedo,Mexico
1195,NTR,Monterrey - Aeropuerto Del Norte,Mexico
1196,MVD,Montevideo - Carrasco International Airport,Uruguay
1197,MGM,Montgomery (AL) - Montgomery Regional Airport,USA
1198,MPL,Montpellier - Montpellier–Méditerranée Airport,France
1199,YMQ,Montreal,Canada
1200,YUL,Montreal - Dorval (Montréal-Trudeau),Canada
1201,YMX,Montreal - Mirabel,Canada
1202,MTJ,Montrose/Tellruide (CO) ,USA
1203,MOZ,Moorea,French Polynesia
1204,MOV,Moranbah,Australia
1205,MRZ,Moree,Australia
1206,MLM,Morelia,Mexico
1207,MGW,Morgantown (WV) ,USA
1208,HNA,"Morioka, Hanamaki",Japan
1209,HAH,Moroni - Prince Said Ibrahim,Comoros (Comores)
1210,MYA,Moruya,Australia
1211,MOW,Moscow - Metropolitan Area,Russia
1212,DME,Moscow - Domodedovo,Russia
1213,SVO,Moscow - Sheremetyevo,Russia
1214,VKO,Moscow - Vnukovo,Russia
1215,MWH,Moses Lake (WA) ,USA
1216,MZY,Mossel Bay,South Africa
1217,OMO,Mostar,Bosnia and Herzegovina
1218,OSM,Mosul,Iraq
1219,MJL,Mouila,Gabon
1220,MQQ,Moundou,Chad
1221,GTN,Mount Cook,New Zealand
1222,MGB,Mount Gambier,Australia
1223,MMG,Mount Magnet,Australia
1224,ISA,Mt. Isa,Australia
1225,MCL,Mt. McKinley (AK) ,USA
1226,MUC,Muenchen (Munich) - Franz Josef Strauss,Germany
1227,FMO,Muenster/Osnabrueck,Germany
1228,MLH,Mulhouse,France
1229,MUX,Multan,Pakistan
1230,MJV,Murcia,Spain
1231,MMK,Murmansk,Russia
1232,MSR,Mus,Turkey
1233,MCT,Muscat - Seeb,Oman
1234,MSL,Muscle Shoals (AL) ,USA
1235,MKG,Muskegon (MI) ,USA
1236,MFG,Muzaffarabad,Pakistan
1237,MVB,Mvengue,Gabon
1238,JMK,Mykonos,Greece
1239,MYR,Myrtle Beach (SC) - Myrtle Beach AFB,USA
1240,CRE, Myrtle Beach (SC) - Grand Strand Airport,USA
1241,MYQ,Mysore,India
1242,MJT,Mytilene (Lesbos),Greece
1243,MZF,Mzamba,South Africa
1244,NAN ,Nadi,Fiji
1245,NGS,Nagasaki,Japan
1246,NGO,Nagoya - Komaki AFB,Japan
1247,NAG,Nagpur,India
1248,NBO,Nairobi,Kenya
1249,NAJ,Nakhichevan,Azerbaijan
1250,NST,Nakhon Si Thammarat,Thailand
1251,ENC,Nancy,France
1252,YSR,Nanisivik,Canada
1253,NNG,Nanning,"Guangxi, PR China"
1254,NTE,Nantes - Nantes Atlantique Airport,France
1255,ACK,Nantucket (MA) ,USA
1256,NAP,Naples - Naples Capodichino Airport,Italy
1257,APF,Naples (FL),USA
1258,NAA,Narrabri,Australia
1259,NRA,Narrandera,Australia
1260,UAK,Narsarsuaq,Greenland
1261,BNA,Nashville (TN) ,USA
1262,NAS,Nassau,Bahamas
1263,NAT,Natal - Augusto Severo International Airport,Brazil
1264,SUV,Nausori,Fiji/Suva
1265,WNS,Nawab Shah,Pakistan
1266,JNX,Naxos - Naxos Airport,Greece
1267,NDJ,N'Djamena,Chad
1268,NLA,N'Dola,Zambia
1269,NSN,Nelson,New Zealand
1270,NLP,Nelspruit,South Africa
1271,MQP,Nelspruit - Kruger Mpumalanga International Airport,South Africa
1272,NEV,Nevis,St. Kitts and Nevis
1273,EWN,New Bern (NC) ,USA
1274,HVN,New Haven (CT) ,USA
1275,MSY,"New Orleans, La",USA
1276,NQY,Newquay,United Kingdom
1277,UVL,New Valley - Kharga,Egypt
1278,JFK,New York - John F. Kennedy (NY) ,USA
1279,LGA,New York - LaGuardia (NY) ,USA
1280,EWR,New York - Newark (NJ) ,USA
1281,NYC,New York (NY) ,USA
1282,SWF,Newburgh (NY) ,USA
1283,BEO,Newcastle - Belmont,Australia
1284,NTL,Newcastle - Williamtown,Australia
1285,NCL,Newcastle,United Kingdom
1286,NCS,Newcastle,South Africa
1287,ZNE,Newman,Australia
1288,PHF,Newport News/Williamsburg (VA) ,USA
1289,NGE,N'Gaoundere,Cameroon
1290,IAG,Niagara Falls International,USA
1291,NIM,Niamey,Niger
1292,NCE,Nice - Cote D'Azur Airport,France
1293,NIC,Nicosia,Cyprus
1294,NLV,Nikolaev,Ukraine
1295,KIJ,Niigata,Japan
1296,FNI,Nimes,France
1297,INI,Nis,Serbia
1298,GOJ,Nizhny Novgorod - Strigino International Airport,Russia
1299,OME,Nome (AK) ,USA
1300,NSA,Noosa,Australia
1301,NLK,Norfolk Island,Australia
1302,ORF,Norfolk/Virginia Beach (VA) ,USA
1303,YVQ,Norman Wells,Canada
1304,NRK,Norrkoeping,Sweden
1305,OTH,North Bend (OR) ,USA
1306,ELH,North Eleuthera,Bahamas
1307,NWI,Norwich,United Kingdom
1308,EMA,Nottingham - East Midlands,United Kingdom
1309,NDB,Nouadhibou,Mauritania
1310,NKC,Nouakchott,Mauritania
1311,NOU,Noumea,New Caledonia
1312,QND,Novi Sad,Serbia
1313,OVB,Novosibirsk - Tolmachevo Airport,Russia
1314,NUE,Nürnberg (Nuremberg),Germany
1315,NLD,Nuevo Laredo,Mexico
1316,TBU,Nuku'alofa - Fua'Amotu International,Tonga
1317,OAK ,Oakland (CA) ,USA
1318,OAX,Oaxaca - Xoxocotlan,Mexico
1319,ODE,Odense,Denmark
1320,ODS,Odessa,Ukraine
1321,ORB,Oerebro,Sweden
1322,OHD,Ohrid,Macedonia
1323,OIT,Oita,Japan
1324,OKJ,Okayama,Japan
1325,OKA,"Okinawa, Ryukyo Island - Naha",Japan
1326,OKC,Oklahoma City (OK) - Will Rogers World,USA
1327,OLB,Olbia,Italy
1328,OLP,Olympic Dam,Australia
1329,OMA,Omaha (NE) ,USA
1330,OND,Ondangwa,Namibia
1331,ONT,Ontario (CA) ,USA
1332,ORN,Oran (Ouahran),Algeria
1333,OAG,Orange,Australia
1334,SNA,Orange County (Santa Ana) (CA) ,USA
1335,OMD,Oranjemund,Namibia
1336,AUA,Oranjestad - Reina Beatrix International,Aruba
1337,KOI,Orkney - Kirkwall,United Kingdom
1338,ORL,Orlando Metropolitan Area (FL),USA
1339,MCO,Orlando - International Airport (FL),USA
1340,ORS,Orpheus Island,Australia
1341,OSA,"Osaka, Metropolitan Area",Japan
1342,ITM,Osaka - Itami,Japan
1343,KIX,Osaka - Kansai International Airport,Japan
1344,OSH,Oshkosh (WI) ,USA
1345,OSI,Osijek,Croatia (Hrvatska)
1346,OSL,"Oslo - Oslo Airport, Gardermoen",Norway
1347,FBU,Oslo - Fornebu,Norway
1348,TRF,Oslo - Sandefjord,Norway
1349,YOW,Ottawa - Hull,Canada
1350,ODA,Ouadda,Central African Republic
1351,OZZ,Ouarzazate,Morocco
1352,OUH,Oudtshoorn,South Africa
1353,OUA,Ouagadougou,Burkina Faso
1354,OUD,Oujda,Morocco
1355,OUL,Oulu,Finland
1356,OUK,Out Skerries (Shetland),United Kingdom
1357,OVD,Oviedo,Spain
1358,OWB,Owensboro (KY) ,USA
1359,OXR,Oxnard (CA) ,USA
1360,UVE,Oyem,Gabon/Loyautte
1361,PAD ,Paderborn/Lippstadt,Germany
1362,PAH,Paducah (KY) ,USA
1363,PGA,Page/Lake Powell (AZ) ,USA
1364,PPG,Pago Pago,American Samoa
1365,PKB,Pakersburg (WV) /Marietta (OH) ,USA
1366,PMO,Palermo - Punta Raisi,Italy
1367,PMI,Palma de Mallorca,Spain
1368,PMW,Palmas,Brazil
1369,PMD,Palmdale/Lancaster (CA) ,USA
1370,PMR,Palmerston North,New Zealand
1371,PSP,Palm Springs (CA) ,USA
1372,PTY,Panama City - Tocumen International,Panama
1373,PFN,Panama City (FL),USA
1374,PJG,Panjgur,Pakistan
1375,PNL,Pantelleria,Italy
1376,PPT,Papeete - Faaa,French Polynesia (Tahiti)
1377,PFO,Paphos,Cyprus
1378,PBO,Paraburdoo,Australia
1379,PBM,Paramaribo - Zanderij International,Suriname
1380,PAR,Paris,France
1381,CDG,Paris - Charles de Gaulle,France
1382,LBG,Paris - Le Bourget,France
1383,ORY,Paris - Orly,France
1384,PBH,Paro,Bhutan
1385,PSC,Pasco (WA) ,USA
1386,PSI,Pasni,Pakistan
1387,PAT,Patna,India
1388,PYX,Pattaya,Thailand
1389,PUF,Pau,France
1390,PLN,Pellston (MI) ,USA
1391,PEN,Penang International,Malaysia
1392,PDT,Pendelton (OR) ,USA
1393,PNS,Pensacola (FL),USA
1394,PIA,Peoria/Bloomington (IL),USA
1395,PEI,Pereira,Colombia
1396,PGF,Perpignan,France
1397,PER,Perth International,Australia
1398,PEG,Perugia,Italy
1399,PSR,Pescara,Italy
1400,PEW,Peshawar,Pakistan
1401,PSG,Petersburg (AK) ,USA
1402,PHW,Phalaborwa,South Africa
1403,PHL,Philadelphia (PA) - International,USA
1404,PNH,Phnom Penh - Pochentong,Cambodia
1405,PHX,Phoenix (AZ) - Sky Harbor International,USA
1406,HKT,Phuket,Thailand
1407,PIR,Pierre (SD) ,USA
1408,PZB,Pietermaritzburg,South Africa
1409,PTG,Pietersburg,South Africa
1410,NTY,Pilanesberg/Sun City,South Africa
1411,PSA,Pisa - Galileo Galilei,Italy
1412,PIT,Pittsburgh International Airport (PA) ,USA
1413,PLB,Plattsburgh (NY) ,USA
1414,PBZ,Plettenberg Bay,South Africa
1415,PIH,Pocatello (ID),USA
1416,TGD,Podgorica,Montenegro
1417,PNI,Pohnpei,Micronesia
1418,PTP,Pointe a Pitre,Guadeloupe
1419,PNR,Pointe Noire,Congo (ROC)
1420,PIS,Poitiers - Biard,France
1421,PSE,Ponce,Puerto Rico
1422,PDL,Ponta Delgada,Portugal
1423,POR,Pori,Finland
1424,CLM,Port Angeles (WA) ,USA
1425,PAP,Port au Prince,Haiti
1426,PUG,Port Augusta,Australia
1427,PLZ,Port Elizabeth,South Africa
1428,POG,Port Gentil,Gabon
1429,PHC,Port Harcourt,Nigeria
1430,PHE,Port Hedland,Australia
1431,PTJ,Portland,Australia
1432,PWM,Portland (ME) ,USA
1433,PDX,Portland International (OR) ,USA
1434,PLO,Port Lincoln,Australia
1435,PQQ,Port Macquarie,Australia
1436,YPN,"Port Menier, PQ",Canada
1437,POM,Port Moresby - Jackson Field,Papua New Guinea
1438,OPO,Porto,Portugal
1439,POA,Porto Alegre - Salgado Filho International Airport,Brazil
1440,POS,Port of Spain - Piarco International,Trinidad and Tobago
1441,PSD,Port Said,Egypt
1442,PXO,Porto Santo,Portugal
1443,PVH,Porto Velho,Brazil
1444,VLI,Port Vila,Vanuatu
1445,POU,Poughkeepsie (NY) ,USA
1446,POZ,"Poznan, Lawica",Poland
1447,PRG,Prague - Václav Havel Airport (formerly Ruzyne),Czech Republic
1448,RAI,Praia - Nelson Mandela International Airport,Cape Verde
1449,PQI,Presque Island (ME) ,USA
1450,PRY,Pretoria - Wonderboom Apt.,South Africa
1451,PVK,Preveza/Lefkas,Greece
1452,YXS,Prince George,Canada
1453,YPR,Prince Rupert/Digby Island,Canada
1454,PRN,Pristina,Serbia
1455,PPP,Prosperpine,Australia
1456,PVD,Providence (RI) ,USA
1457,SCC,Prudhoe Bay (AK) ,USA
1458,PBC,Puebla,Mexico
1459,PUB,Pueblo (CO) ,USA
1460,PXM,Puerto Escondido,Mexico
1461,PZO,Puerto Ordaz,Venezuela
1462,POP,Puerto Plata,Dominican Republic
1463,PVR,Puerto Vallarta,Mexico
1464,XPK,Pukatawagan,Canada
1465,PUY,Pula,Croatia (Hrvatska)
1466,PUW,Pullman (WA) ,USA
1467,PNQ,Pune,"India, Maharashtra"
1468,PUQ,Punta Arenas - Presidente Carlos Ibáñez del Campo ,Chile
1469,PUJ,Punta Cana - Punta Cana International,Dominican Republic
1470,PUS,Pu San (Busan) - Gimhae International Airport,South Korea
1471,FNJ,Pyongyang - Sunan International Airport,North Korea
1472,YQB ,Quebec - Quebec International,Canada
1473,UEE,Queenstown,Australia
1474,ZQN,Queenstown,New Zealand
1475,UET,Quetta,Pakistan
1476,TAO,Qingdao,"Shandong, PR China"
1477,UIP,Quimper,France
1478,UIN,Quincy (IL),USA
1479,UIO,Quito - Mariscal Sucre International Airport,Ecuador
1480,RBA ,Rabat - Rabat-Salé Airport,Morocco
1481,RYK,Rahim Yar Khan - Shaikh Zayed International Airport,Pakistan
1482,RFP,Raiatea,French Polynesia
1483,YOP,"Rainbow Lake, AB",Canada
1484,RAJ,Rajkot,India
1485,RDU,Raleigh/Durham (NC) ,USA
1486,IXR,Ranchi,India
1487,RGI,Rangiroa,French Polynesia
1488,RGN,Rangoon (Yangon) - Mingaladon,Myanmar
1489,RAP,Rapid City (SD) ,USA
1490,RAR,Rarotonga,Cook Island
1491,RKT,Ras al Khaymah (Ras al Khaimah),United Arab Emirates
1492,RAZ,Rawala Kot,Pakistan
1493,RWP,Rawalpindi,Pakistan
1494,RDG,Reading (PA) ,USA
1495,REC,Recife - Guararapes-Gilberto Freyre International,Brazil
1496,RDD,Redding (CA) ,USA
1497,RDM,Redmond (OR) ,USA
1498,REG,Reggio Calabria,Italy
1499,YQR,Regina,Canada
1500,TFS,Reina Sofia,Teneriffa/Spain
1501,RNS,Rennes,France
1502,RNO,Reno (NV) ,USA
1503,YRB,Resolute Bay,Canada
1504,REU,Reus,Spain
1505,REK,Reykjavik - Metropolitan Area,Iceland
1506,KEF,Reykjavik - Keflavik International,Iceland
1507,RHI,Rhinelander (WI) ,USA
1508,RHO,Rhodos,Greece
1509,RCB,Richards Bay,South Africa
1510,RIC,Richmond (VA) ,USA
1511,RIX,Riga,Latvia
1512,RJK,Rijeka,Croatia (Hrvatska)
1513,RMI,Rimini,Italy
1514,RBR,Rio Branco - Plácido de Castro International Airport,Brazil
1515,GIG,Rio de Janeiro - Galeao,Brazil
1516,SDU,Rio de Janeiro - Santos Dumont,Brazil
1517,RIO,Rio de Janeiro,Brazil
1518,RUH,Riyadh - King Khaled International,Saudi Arabia
1519,RNE,Roanne,France
1520,ROA,Roanoke (VA) ,USA
1521,RTB,Roatan,Honduras
1522,RST,Rochester (MN) ,USA
1523,ROC,Rochester (NY) ,USA
1524,RSD,Rock Sound,Bahamas
1525,RKS,Rock Springs (WY) ,USA
1526,RFD,Rockford (IL),USA
1527,ROK,Rockhampton,Australia
1528,RKD,Rockland (ME) ,USA
1529,RWI,Rocky Mount - Wilson (NC) ,USA
1530,RDZ,Rodez,France
1531,RRG,Rodrigues Island,Mauritius
1532,RNN,Roenne,Denmark
1533,ROM,Rome,Italy
1534,CIA,Rome - Ciampino,Italy
1535,FCO,Rome - Fuimicino,Italy
1536,RNB,Ronneby,Sweden
1537,ROS,Rosario,Argentina
1538,RVI,Rostov-on-Don - Rostov-on-Don Airport,Russia
1539,ROV,Rostov-on-Don - Platov International Airport,Russia
1540,ROT,Rotorua,New Zealand
1541,RTM,Rotterdam,Netherlands
1542,RVN,Rovaniemi,Finland
1543,NDU,Rundu,Namibia
1544,ROU,Ruse,Bulgaria
1545,SCN ,Saarbruecken,Germany
1546,SMF,Sacramento (CA) ,USA
1547,SDS,Sado Shima,Japan
1548,MBS,Saginaw/Bay City/Midland (MI) ,USA
1549,SDT,Saidu Sharif,Pakistan
1550,SGN,Saigon (Ho Chi Minh City) - Tan Son Nhat International,Viet Nam
1551,SBK,Saint Brieuc,France
1552,RUN,Saint Denis - Roland Garros Airport,Reunion
1553,YSJ,Saint John,Canada
1554,SPN,Saipan,Northern Mariana Islands
1555,SID,Sal,Cape Verde
1556,SLL,Salalah,Oman
1557,SLE,Salem (OR) ,USA
1558,SNS,Salinas (CA) ,USA
1559, SNC,Salinas,Ecuador
1560,SAY,Salisbury,Zimbabwe
1561,SBY,Salisbury (MD) ,USA
1562,SKG,Saloniki,Greece
1563,SLA,"Salta, Gen Belgrano",Argentina
1564,SLC,Salt Lake City (UT) ,USA
1565,SSA,Salvador - Salvador International Airport,Brazil
1566,SZG,Salzburg - W.A. Mozart,Austria
1567,KUF,Samara - Kurumoch International Airport,Russia
1568,SKD,Samarkand - Samarkand International Airport,Uzbekistan
1569,SMI,Samos,Greece
1570,SZF,Samsun,Turkey
1571,ADZ,San Andres,Colombia
1572,SJT,San Angelo (TX) ,USA
1573,SAT,San Antonio (TX) ,USA
1574,BRC,San Carlos de Bariloche,Argentina
1575,SAN,San Diego - Lindberg Field International (CA) ,USA
1576,SFO,"San Francisco - International Airport, SA",USA
1577,SJD,San Jose Cabo,Mexico
1578,SJO,San Jose,Costa Rica
1579,SJC,San Jose (CA) ,USA
1580,SJU,San Juan - Luis Munoz Marin International Airport,Puerto Rico
1581,SBP,San Luis Obisco (CA) ,USA
1582,SLP,San Luis Potosi,Mexico
1583,SPY,San Pedro,Cote d'Ivoire
1584,SAP,San Pedro Sula,Honduras
1585,ZSA,San Salvador,Bahamas
1586,SAL,San Salvador,El Salvador
1587,EAS,San Sebastian,Spain
1588,SAH,Sanaa (Sana'a) - Sana'a International,Yemen
1589,YZP,Sandspit,Canada
1590,SNA,Santa Ana - John Wayne Airport (CA) ,USA
1591,SBA,Santa Barbara (CA) ,USA
1592,SPC,Santa Cruz de la Palma,Spain
1593,SRZ,Santa Cruz de la Sierra,Bolivia
1594,SKV,Santa Katarina - Mount Sinai,Egypt
1595,SMA,Santa Maria,Portugal
1596,SMX,Santa Maria (CA) ,USA
1597,SDR,Santander,Spain
1598,STS,Santa Rosa (CA) ,USA
1599,SRB,Santa Rosa,Bolivia
1600,SRA,Santa Rosa,Brazil
1601,RSA,Santa Rosa,Argentina
1602,SDH,"Santa Rosa, Copan",Honduras
1603,SSL,Santa Rosalia,Colombia
1604,SRL,Santa Rosalia,Mexico
1605,SCU,Santiago - Antonio Maceo Airport,Cuba
1606,SCL,Santiago de Chile - Arturo Merino Benitez,Chile
1607,SCQ,Santiago de Compostela,Spain
1608,SON,Santo,Vanuatu
1609,SDQ,Santo Domingo,Dominican Republic
1610,SLZ,Sao Luis - Marechal Cunha Machado International,Brazil
1611,SAO,Sao Paulo,Brazil
1612,CGH,Sao Paulo - Congonhas,Brazil
1613,GRU,Sao Paulo - Guarulhos,Brazil
1614,VCP,Sao Paulo - Viracopos,Brazil
1615,TMS,Sao Tome,Sao Tome & Principe
1616,SPK,Sapporo,"Hokkaido, Japan"
1617,OKD,Sapporo - Okadama,"Hokkaido, Japan"
1618,CTS,Sapporo - New Chitose Airport,Japan
1619,SJJ,Sarajevo,Bosnia and Herzegovina
1620,SKX,Saransk - Saransk Airport,Russia
1621,SRQ,Sarasota/Bradenton (FL),USA
1622,YXE,Saskatoon,Canada
1623,ZSS,Sassandra,Cote d'Ivoire
1624,SAV,Savannah (GA),USA
1625,SVL,Savonlinna,Finland
1626,TAB,Scarborough - Crown Point International,Trinidad and Tobago
1627,NSO,Scone,Australia
1628,SCF,Scottsdale (AZ) ,USA
1629,SEA,Seattle/Tacoma (WA) ,USA
1630,SEB,Sehba,Libya
1631,SJY,Seinaejoki,Finland
1632,PKW,Selibi Phikwe,Botswana
1633,SDJ,Sendai,Japan
1634,ICN,Seoul - Incheon International Airport,South Korea
1635,SEL,Seoul - Kimpo,South Korea
1636,SVQ,Sevilla,Spain
1637,SFA,Sfax,Tunisia
1638,ZTM,"Shamattawa, MB",Canada
1639,SHA,Shanghai - Hongqiao,China
1640,PVG,Shanghai - Pu Dong,China
1641,SNN,Shannon (Limerick),Ireland
1642,SHJ,Sharjah,United Arab Emirates
1643,SSH,Sharm El Sheikh,Egypt
1644,SZD,"Sheffield, City Airport",United Kingdom
1645,DSA,"Sheffield, Doncaster, Robin Hood International Airport",United Kingdom
1646,SHD,Shenandoah Valley/Stauton (VA) ,USA
1647,SHE,Shenyang,"Liaoning, PR China"
1648,SZX,Shenzhen - Shenzhen Bao'an International ,"Guangdong, PR China"
1649,SHR,Sheridan (WY) ,USA
1650,SHV,"Shreveport, La",USA
1651,JHQ,Shute Harbour,Australia
1652,SBW,Sibu,Malaysia
1653,SDY,Sidney (MT) ,USA
1654,SLS,Silistra,Bulgaria
1655,SIP,Simferopol,Ukraine
1656,MPD,Sindhri,Pakistan
1657,SIN,Singapore - Changi,Singapore
1658,QPG,Singapore - Paya Lebar,Singapore
1659,XSP,Singapore - Seletar,Singapore
1660,SIX,Singleton,Australia
1661,SUX,Sioux City IA,USA
1662,FSD,Sioux Falls (SD) ,USA
1663,SIS,Sishen,South Africa
1664,SIT,Sitka (AK) ,USA
1665,VAS,Sivas,Turkey
1666,SEW,Siwa,Egypt
1667,SGY,Skagway (AK) ,USA
1668,KDU,Skardu,Pakistan
1669,JSI,Skiathos,Greece
1670,SKP,Skopje,Macedonia
1671,SKS,Skrydstrup,Denmark
1672,SZK,Skukuza,South Africa
1673,SXL,Sligo,Ireland
1674,YYD,Smithers,Canada
1675,SOT,Sodankylae,Finland
1676,SGD,Soenderborg,Denmark
1677,SFJ,Soendre Stroemfjord,Greenland
1678,SOF,Sofia - Vrazhdebna,Bulgaria
1679,SOG,Sogndal,Norway
1680,SOU,Southampton - Eastleigh,United Kingdom
1681,SBN,South Bend (IN),USA
1682,XSI,"South Indian Lake, MB",Canada
1683,SOI,South Molle Island,Australia
1684,SEN,Southend (London),United Kingdom
1685,SPU,Split,Croatia (Hrvatska)
1686,GEG,Spokane (WA) ,USA
1687,SBU,Springbok,South Africa
1688,SPI,Springfield (IL),USA
1689,SGF,Springfield (MO) ,USA
1690,SXR,Srinagar,India
1691,YIF,"St. Augustin, PQ",Canada
1692,STX,St. Croix,Virgin Islands (U.S.)
1693,EBU,St. Etienne,France
1694,SGU,St. George (UT) ,USA
1695,YYT,St. John's,Canada
1696,SKB,St. Kitts,St. Kitts and Nevis
1697,STL,St. Louis (MO) Lambert–St. Louis International Airport,USA
1698,UVF,St. Lucia Hewanorra,Saint Lucia
1699,SLU,St. Lucia Vigle,Saint Lucia
1700,SXM,St. Marteen,Netherlands Antilles
1701,SFG,St. Martin,St. Martin (Guadeloupe)
1702,LED,St. Petersburg (Leningrad) - Pulkovo,Russia
1703,FSP,"St. Pierre, NF",Canada
1704,STT,St. Thomas,Virgin Islands (U.S.)
1705,SVD,St. Vincent,Saint Vincent and the Grenadines
1706,STN,Stansted (London),United Kingdom
1707,SCE,State College/Belefonte (PA) ,USA
1708,SVG,Stavanger,Norway
1709,HDN,Steamboat Springs (CO) ,USA
1710,SZZ,Stettin,Poland
1711,STO,Stockholm Metropolitan Area,Sweden
1712,ARN,Stockholm - Arlanda,Sweden
1713,BMA,Stockholm - Bromma,Sweden
1714,SCK,Stockton (CA) ,USA
1715,SYY,Stornway,United Kingdom
1716,SXB,Strasbourg - Strasbourg Airport,France
1717,KBY,Streaky Bay,Australia
1718,STR,Stuttgart - Echterdingen,Germany
1719,SUL,Sui,Pakistan
1720,SKZ,Sukkur,Pakistan
1721,LSI,Sumburgh (Shetland),United Kingdom
1722,SUN,Sun Valley (ID),USA
1723,SDL,Sundsvall,Sweden
1724,MCY,Sunshine Coast,Australia
1725,SUB,Surabaya - Juanda,Indonesia
1726,STV,Surat,India
1727,SUV,Suva - Nausori Airport (Luvuluvu),Fiji
1728,SWP,Swakopmund,Namibia
1729,SYD,Sydney - Sydney Airport,Australia
1730,ZYL,Sylhet,Bangladesh
1731,SYR,Syracuse (NY) ,USA
1732,TUU ,Tabuk,Saudi Arabia
1733,TIF,Taif,Saudi Arabia
1734,TPE,Taipei - Chiang Kai Shek,Taiwan
1735,TAY,Taipei - Sung Shan,Taiwan
1736,TYN,Taiyuan,"Shanxi, PR China"
1737,TAK,Takamatsu,Japan
1738,TKA,Talkeetna (AK) ,USA
1739,TLH,Tallahassee (FL),USA
1740,QUF,Tallinn - Pirita Harbour,Estonia
1741,TLL,Tallinn - Ulemiste,Estonia
1742,TPA,Tampa - International (FL),USA
1743,TMP,Tampere,Finland
1744,TAM,Tampico - Gen. F. Javier Mina,Mexico
1745,TMW,Tamworth,Australia
1746,TNG,Tangier - Boukhalef,Morocco
1747,TRO,Taree,Australia
1748,TGV,Targovishte,Bulgaria
1749,TAS,Tashkent - International,Uzbekistan
1750,TWU,Tawau,Malaysia
1751,TBS,Tbilisi - Novo Alexeyevka,Georgia
1752,TEU,Te Anau,New Zealand
1753,MME,"Teesside, Durham Tees Valley",United Kingdom
1754,TGU,Tegucigalpa,Honduras
1755,THR,Tehran (Teheran) - Mehrabad,Iran
1756,TEQ,Tekirdag - Corlu,Turkey
1757,TLV,Tel Aviv - Ben Gurion International,Israel
1758,TEX,Telluride (CO) ,USA
1759,TEM,Temora,Australia
1760,TCI,Tenerife,Spain
1761,TFS,Tenerife - Sur Reina Sofia,Spain
1762,TFN,Tenerife - Norte Los Rodeos,Spain
1763,TCA,Tennant Creek,Australia
1764,TER,Terceira,Portugal
1765,THE,Teresina,Brazil
1766,TMZ,Termez (Termes),Uzbekistan
1767,YXT,Terrace,Canada
1768,HUF,Terre Haute (IN),USA
1769,TXK,Texarkana (AR) ,USA
1770,TCU,Thaba'Nchu,South Africa
1771,YQD,The Pas,Canada
1772,SKG,Thessaloniki - Makedonia Apt.,Greece
1773,TVF,Thief River Falls (MN) ,USA
1774,JTR,Thira,Greece
1775,TRV,Thiruvananthapuram,India
1776,TED,Thisted,Denmark
1777,YTH,Thompson,Canada
1778,KTB,Thorne Bay (AK) ,USA
1779,YQT,Thunder Bay,Canada
1780,TIS,Thursday Island,Australia
1781,TSN,Tianjin,China
1782,TIJ,Tijuana - Rodriguez,Mexico
1783,TOD,Tioman,Indonesia
1784,TIA,Tirana - Rinas,Albania
1785,TRZ,Tiruchirapally,India
1786,TIV,Tivat,Montenegro
1787,TAB,Tobago,Trinidad and Tobago
1788,TKS,Tokushima,Japan
1789,TYO,Tokyo,Japan
1790,HND,Tokyo - Haneda,Japan
1791,NRT,Tokyo - Narita,Japan
1792,TOL,Toledo (OH) ,USA
1793,TPR,Tom Price,Australia
1794,TWB,Toowoomba,Australia
1795,YTZ,Toronto - Billy Bishop Toronto City Airport,Canada
1796,YYZ,Toronto - Toronto Pearson International Airport,Canada
1797,YTO,Toronto,Canada
1798,TOV,Tortola,British Virgin Islands
1799,TOU,Touho,New Caledonia
1800,TLS,Toulouse - Blagnac Airport,France
1801,TSV,Townsville,Australia
1802,TOY,Toyama,Japan
1803,TZX,Trabzon,Turkey
1804,TPS,Trapani,Italy
1805,TVC,Traverse City (MI) ,USA
1806,TCB,Treasure Cay,Bahamas
1807,TTN,Trenton/Princeton (NJ) ,USA
1808,TSF,Treviso,Italy
1809,TRI,Tri-Cities Regional (TN) /VA,USA
1810,TRS,Trieste,Italy
1811,TIP,Tripoli - Tripoli International,Libya
1812,TOS,Tromsoe,Norway
1813,TRD,Trondheim,Norway
1814,TSB,Tsumeb,Namibia
1815,TUS,Tucson (AZ) ,USA
1816,TUP,Tulepo (MS) ,USA
1817,TUL,Tulsa (OK) ,USA
1818,TUN,Tunis - Carthage,Tunisia
1819,TUK,Turbat,Pakistan
1820,TRN,Turin,Italy
1821,TKU,Turku,Finland
1822,TCL,Tuscaloosa (AL) ,USA
1823,TGZ,Tuxtla Gutierrez,Mexico
1824,TWF,Twin Falls (ID),USA
1825,TYR,Tyler (TX) ,USA
1826,UAH,Ua Huka,French Polynesia
1827,UAP,Ua Pou,French Polynesia
1828,UBJ,Ube,Japan
1829,UBA,Uberaba,Brazil
1830,UDI,Uberlandia - Eduardo Gomes Airport,Brazil
1831,UBP,Ubon Ratchathani - Muang Ubon Airport,Thailand
1832,UDR,Udaipur - Dabok Airport,India
1833,UDE,Uden - Volkel Airport,Netherlands
1834,UTH,Udon Thani,Thailand
1835,UFA,Ufa,Russia
1836,UHE,Uherske Hradiste,Czech Republic
1837,UGO,Uige,Angola
1838,UPG,Ujung Pandang - Hasanudin Airport,Indonesia
1839,UCT,Ukhta,Russia
1840,UKI,Ukiah (CA) ,USA
1841,ULN,Ulaanbaatar - Buyant Uhaa Airport,Mongolia
1842,UUD,Ulan-Ude,Russia
1843,HLH,Ulanhot,PR China
1844,ULB,Ulei,Vanuatu
1845,USN,Ulsan,South Korea
1846,ULD,Ulundi,South Africa
1847,UME,Umea,Sweden
1848,YUD,Umiujaq,Canada
1849,UTT,Umtata,South Africa
1850,UNK,Unalakleet (AK) ,USA
1851,UNI,Union Island,Saint Vincent and the Grenadines
1852,UNT,Unst (Shetland Island) - Baltasound Airport,United Kingdom
1853,UPL,Upala,Costa Rica
1854,JUV,Upernavik - Upernavik Heliport,Greenland
1855,UTN,Upington,South Africa
1856,UPP,Upolu Point (HI),USA
1857,YBE,Uranium City,Canada
1858,UGC,Urgench,Uzbekistan
1859,URM,Uriman,Venezuela
1860,OMH,Urmiehm (Orumieh),Iran
1861,UPN,Uruapan,Mexico
1862,URB,Urubupunga - Ernesto Pochler Airport,Brazil
1863,URG,Uruguaiana - Ruben Berta Airport,Brazil
1864,URC,Urumqi,"Xinjiang, PR China"
1865,URZ,Uruzgan,Afghanistan
1866,USH,Ushuaia - Islas Malvinas Airport,Argentina
1867,UTP,Utapao (Pattaya),Thailand
1868,UCA,Utica (NY) - Oneida County Airport,USA
1869,UII,Utila,Honduras
1870,UMD,Uummannaq,Greenland
1871,UDJ,Uzhgorod,Ukraine
1872,VAA ,Vaasa,Finland
1873,VXO,Vaexjoe,Sweden
1874,EGE,Vail (CO) ,USA
1875,YVO,Val d'Or,Canada
1876,VDZ,Valdez (AK) ,USA
1877,VLD,Valdosta (GA),USA
1878,VLC,Valencia,Spain
1879,VLN,Valencia,Venezuela
1880,VLL,Valladolid,Spain
1881,VAP,Valparaiso,Chile
1882,VDE,Valverde,Spain
1883,VAN,Van - Ferit Melen,Turkey
1884,YVR,Vancouver - Vancouver International,Canada
1885,VRA,Varadero,Cuba
1886,VNS,Varanasi,India
1887,VRK,Varkaus,Finland
1888,VAR,Varna,Bulgaria
1889,VST,Vasteras,Sweden
1890,VLU,Velikiye Luki (Welikije Luki),Russia
1891,VCE,Venice - Marco Polo,Italy
1892,VER,Veracruz,Mexico
1893,VEL,Vernal (UT) ,USA
1894,VRB,Vero Beach/Ft. Pierce (FL),USA
1895,VBS,Verona (Brescia) Montichiari,Italy
1896,VRN,Verona,Italy
1897,YYJ,Victoria,Canada
1898,VFA,Victoria Falls,Zimbabwe
1899,VID,Vidin,Bulgaria
1900,VTE,Vientiane - Wattay,Lao PDR
1901,VGO,Vigo,Spain
1902,VSA,Villahermosa,Mexico
1903,VNO,Vilnius,Lithuania
1904,VIJ,Virgin Gorda,Virgin Islands (British)
1905,VIS,Visalia (CA) ,USA
1906,VBY,Visby,Sweden
1907,VIT,Vitoria,Spain
1908,VIX,Vitoria - Eurico de Aguiar Salles Airport,Brazil
1909,VYD,Vryheid,South Africa
1910,YWK ,Wabush,Canada
1911,ACT,Waco (TX) ,USA
1912,WGA,Wagga,Australia
1913,ALW,Walla Walla (WA) ,USA
1914,WLS,Wallis,Wallis and Futuna Islands
1915,WVB,Walvis Bay,South Africa
1916,WMB,Warrnambool,Australia
1917,WAW,Warsaw - Frédéric Chopin,Poland
1918,BWI,Washington DC - Baltimore Washington International,USA
1919,IAD,Washington DC - Dulles International,USA
1920,DCA,Washington DC - Ronald Reagan National,USA
1921,WAS,Washington DC,USA
1922,ALO,Waterloo IA,USA
1923,ATY,Watertown (SD) ,USA
1924,CWA,Wausau/Stevens Point (WI) ,USA
1925,WEI,Weipa,Australia
1926,WEL,Welkom,South Africa
1927,WLG,Wellington,New Zealand
1928,EAT,Wenatchee (WA) ,USA
1929,PBI,West Palm Beach (FL),USA
1930,WYS,West Yellowstone (MT) ,USA
1931,GWT,"Westerland, Sylt Airport",Germany
1932,WHK,Whakatane,New Zealand
1933,YXN,"Whale Cove, NT",Canada
1934,WRE,Whangarei,New Zealand
1935,HPN,White Plains (NY) ,USA
1936,YXY,Whitehorse,Canada
1937,HAP,Whitsunday Resort,Australia
1938,WYA,Whyalla,Australia
1939,SPS,Wichita Falls (TX) ,USA
1940,ICT,Wichita (KS) ,USA
1941,WIC,Wick,United Kingdom
1942,WHM,Wickham,Australia
1943,VIE,Wien (Vienna) - Vienna International,Austria
1944,WIE,"Wiesbaden, Air Base",Germany
1945,AVP,Wilkes Barre/Scranton (PA) ,USA
1946,IPT,Williamsport (PA) ,USA
1947,ISL,Williston (ND) ,USA
1948,ILM,Wilmington (NC) ,USA
1949,VNO,Wilna (Vilnius),Lithuania
1950,WUN,Wiluna,Australia
1951,ERS,Windhoek - Eros,Namibia
1952,WDH,Windhoek - Hosea Kutako International,Namibia
1953,YQG,Windsor Ontario,Canada
1954,YWG,Winnipeg International,Canada
1955,OLF,Wolf Point (MT) ,USA
1956,WOL,Wollongong,Australia
1957,UMR,Woomera,Australia
1958,ORH,Worcester (MA) ,USA
1959,WRL,Worland (WY) ,USA
1960,WRG,Wrangell (AK) ,USA
1961,WUH,Wuhan,"Hubei, PR China"
1962,WYN,Wyndham,Australia
1963,XMN ,Xiamen,"Fujian, PR China"
1964,XIY,Xi'an - Xianyang,"Shaanxi, PR China"
1965,YKM,Yakima (WA) ,USA
1966,YAK,Yakutat (AK) ,USA
1967,YKS,Yakutsk,Russia
1968,GAJ,"Yamagata, Junmachi",Japan
1969,ASK,Yamoussoukro,Côte d'Ivoire
1970,YNB,Yanbu,Saudi Arabia
1971,RGN,Yangon (Rangoon) - Mingaladon,Myanmar
1972,YAO,Yaounde,Cameroon
1973,YZF,Yellowknife,Canada
1974,SVX,Yekaterinburg - Koltsovo Airport,Russia
1975,YIH,Yichang,"Hubei, PR China"
1976,YOK,Yokohama,Japan
1977,YUM,Yuma (AZ) ,USA
1978,ZCL,Zacatecas,Mexico
1979,ZAD,Zadar,Croatia (Hrvatska)
1980,ZAG,Zagreb - Zagreb Airport Pleso,Croatia (Hrvatska)
1981,ZTH,Zakynthos,Greece
1982,ZAZ,Zaragoza,Spain
1983,PZH,Zhob,Pakistan
1984,ZND,Zinder,Niger
1985,OUZ,Zouerate,Mauritania
1986,ZRH,Zurich (Zürich) - Kloten,Switzerland
